group_id,title,people,people_count,match
/works/OL17519279W,Anna Karenina,Anon 1; Damla; Meryl; Serena; Sonia,5,isbn; same_title_as_catalog_match
/works/OL37827517W,The God of the Woods,Becky; Damla; Ellen; Jieyu; Konnor,5,title_author
/works/OL59038W,Never Let Me Go,Becky; Damla; Ellen; Meryl; Serena,5,isbn; title_author
title:blindness|author:saramago,Blindness,Ellen; Jieyu; Konnor; Sonia,4,unresolved
/works/OL24164954W,Cloud Cuckoo Land,Becky; Ellen; Jieyu; Sonia,4,isbn
/works/OL228702W,Giovanni’s Room,Damla; Ellen; Jieyu; Serena,4,isbn; title_author
/works/OL23205W,The Grapes of Wrath,Damla; Konnor; Meryl; Sonia,4,isbn; title_author
/works/OL102360W,I Who Have Never Known Men,Ellen; Jieyu; Konnor; Sonia,4,isbn
/works/OL2718328W,The Outsiders,Jieyu; Konnor; Meryl; Sonia,4,isbn
/works/OL1966488W,The Selfish Gene,Damla; Konnor; Meryl; Sonia,4,isbn
/works/OL3511459W,Stoner,Ellen; Konnor; Serena; Sonia,4,isbn; title_author
/works/OL1168083W,1984,Damla; Konnor; Meryl,3,isbn; same_title_as_catalog_match
/works/OL17370186W,A Little Life,Jieyu; Konnor; Serena,3,isbn; title_author
/works/OL16793865W,A Man Called Ove,Jieyu; Konnor; Sonia,3,isbn
/works/OL8193465W,A Tale of Two Cities,Jieyu; Konnor; Meryl,3,isbn
/works/OL98491W,The Age of Innocence,Ellen; Meryl; Sonia,3,isbn
/works/OL471565W,And Then There Were None,Becky; Konnor; Sonia,3,isbn
/works/OL98454W,Cat’s Cradle,Jieyu; Konnor; Sonia,3,title_author
/works/OL273644W,"The Color Purple (The Color Purple, #1)",Jieyu; Konnor; Sonia,3,isbn; same_title_as_catalog_match
/works/OL27052926W,Demon Copperhead,Damla; Ellen; Sonia,3,title_author
/works/OL893414W,"Dune (Dune, #1)",Jieyu; Meryl; Sonia,3,isbn
/works/OL42401064W,Everything Is Tuberculosis: The History and Persistence of Our Deadliest Infection,Becky; Jieyu; Sonia,3,isbn
/works/OL515754W,Flowers for Algernon,Becky; Ellen; Meryl,3,isbn
/works/OL46760W,The Glass Castle,Ellen; Jieyu; Sonia,3,isbn
/works/OL26663382W,I'm Glad My Mom Died,Becky; Damla; Ellen,3,isbn; title_author
/works/OL59800W,The Left Hand of Darkness,Damla; Jieyu; Sonia,3,title_author
/works/OL1063588W,Les Misérables,Jieyu; Meryl; Sonia,3,isbn
/works/OL1317211W,Meditations,Jieyu; Konnor; Meryl,3,isbn
/works/OL17116910W,The Nightingale,Ellen; Jieyu; Sonia,3,isbn
/works/OL8193416W,The Portrait of Dorian Gray,Ellen; Konnor; Meryl,3,isbn
/works/OL28357053W,"Poverty, by America",Konnor; Meryl; Sonia,3,isbn
/works/OL51831W,The Republic,Damla; Jieyu; Konnor,3,isbn
/works/OL98459W,Slaughterhouse-Five,Becky; Jieyu; Sonia,3,title_author
/works/OL39379W,A Room of One’s Own,Damla; Serena,2,title_author
/works/OL37939629W,A Sorceress Comes to Call,Ellen; Sonia,2,isbn
/works/OL20152974W,A Woman Is No Man,Jieyu; Sonia,2,isbn
/works/OL675834W,Alias Grace,Ellen; Jieyu,2,isbn
/works/OL31111W,All About Love: New Visions,Damla; Jieyu,2,isbn
title:all systems red|author:wells,"All Systems Red (The Murderbot Diaries, #1)",Ellen; Sonia,2,unresolved
/works/OL119436W,The Amazing Adventures of Kavalier & Clay,Konnor; Sonia,2,isbn
/works/OL17268007W,"Annihilation (Southern Reach, #1)",Becky; Ellen,2,isbn
/works/OL26443093W,Babel,Ellen; Jieyu,2,isbn
/works/OL1865528W,The Bell Jar,Jieyu; Meryl,2,isbn; title_author
/works/OL8400950W,"The Blade Itself (The First Law, #1)",Ellen; Sonia,2,isbn
/works/OL37568021W,The Book of Doors,Ellen; Jieyu,2,isbn
/works/OL42549801W,Broken Country,Ellen; Jieyu,2,isbn
/works/OL20878310W,Caste: The Origins of Our Discontents,Jieyu; Konnor,2,isbn
/works/OL276798W,Catch-22,Jieyu; Sonia,2,isbn
/works/OL43161739W,The Count of Monte Cristo,Serena; Sonia,2,isbn; title_author
/works/OL29192912W,The Covenant of Water,Ellen; Konnor,2,isbn
/works/OL22448002W,Crying in H Mart,Ellen; Sonia,2,isbn
/works/OL25798494W,"Daughter of the Moon Goddess (The Celestial Kingdom, #1)",Ellen; Sonia,2,isbn
/works/OL18200468W,Death With Interruptions,Anon 6; Sonia,2,isbn; title_author
/works/OL154572W,The Denial of Death,Jieyu; Sonia,2,title_author
/works/OL27893158W,"Divine Rivals (Letters of Enchantment, #1)",Ellen; Sonia,2,isbn
/works/OL2172356W,Do Androids Dream of Electric Sheep?,Jieyu; Konnor,2,title_author
title:don quixote|author:saavedra,Don Quixote,Konnor; Sonia,2,unresolved
/works/OL85892W,Dracula,Konnor; Sonia,2,isbn
/works/OL24593432W,"Dungeon Crawler Carl (Dungeon Crawler Carl, #1)",Jieyu; Sonia,2,isbn
/works/OL23166W,East of Eden,Jieyu; Serena,2,isbn; title_author
title:emperor of all maladies a biography of cancer|author:mukherjee,The Emperor of All Maladies: A Biography of Cancer,Jieyu; Konnor,2,unresolved
/works/OL44495442W,The Everlasting,Ellen; Jieyu,2,isbn
/works/OL28402636W,"The Exceptions: Nancy Hopkins, MIT, and the Fight for Women in Science",Jieyu; Konnor,2,isbn
/works/OL103123W,Fahrenheit 451,Damla; Jieyu,2,isbn; title_author
/works/OL27589863W,Fairy Tale,Ellen; Sonia,2,isbn
title:fox in winter|author:hodgson,"The Fox in Winter (Eternal Path Trilogy, #2)",Ellen; Sonia,2,unresolved
/works/OL568652W,"The Game of Kings (The Lymond Chronicles, #1)",Ellen; Sonia,2,isbn
title:geomagician|author:mandula,The Geomagician (The Geomagician Duology #1),Becky; Ellen,2,unresolved
/works/OL8721462W,Great Expectations,Konnor; Meryl,2,isbn
title:gunslinger|author:king,"The Gunslinger (The Dark Tower, #1)",Ellen; Sonia,2,unresolved
/works/OL11081469W,The Heart Is a Lonely Hunter,Ellen; Jieyu,2,isbn
/works/OL32195W,House of Leaves,Serena; Sonia,2,title_author
/works/OL17764836W,Human Acts,Jieyu; Sonia,2,isbn
/works/OL18195597W,I'll Be Gone in the Dark,Jieyu; Sonia,2,title_author
/works/OL17771503W,The Idiot,Konnor; Serena,2,isbn; title_author
/works/OL2943602W,Infinite Jest,Meryl; Sonia,2,title_author
/works/OL2619508W,The Inner Game of Tennis: The Classic Guide to the Mental Side of Peak Performance,Jieyu; Meryl,2,isbn
/works/OL37949460W,Intermezzo,Serena; Sonia,2,isbn; title_author
/works/OL495470W,Invisible Man,Damla; Konnor,2,title_author
/works/OL1095427W,Jane Eyre,Damla; Ellen,2,isbn
/works/OL17778665W,Killers of the Flower Moon: The Osage Murders and the Birth of the FBI,Jieyu; Sonia,2,isbn
/works/OL17630208W,Lab Girl,Jieyu; Sonia,2,isbn
/works/OL20991847W,"Legendborn (The Legendborn Cycle, #1)",Ellen; Sonia,2,isbn
/works/OL25344431W,Lessons in Chemistry,Jieyu; Sonia,2,title_author
/works/OL17821431W,Little Fires Everywhere,Ellen; Sonia,2,isbn
/works/OL134601W,"Lonesome Dove (Lonesome Dove, #1)",Ellen; Sonia,2,isbn
/works/OL498556W,The Metamorphosis,Ellen; Meryl,2,isbn
/works/OL3951520W,Middlesex,Jieyu; Sonia,2,isbn
/works/OL42407794W,My Friends,Ellen; Jieyu,2,isbn
/works/OL1002139W,Near to the Wild Heart,Meryl; Serena,2,isbn; same_title_as_catalog_match
/works/OL16804661W,The Ocean at the End of the Lane,Ellen; Sonia,2,isbn; title_author
/works/OL23204W,Of Mice and Men,Konnor; Sonia,2,isbn
/works/OL20783698W,On Earth We're Briefly Gorgeous,Jieyu; Meryl,2,isbn
/works/OL65906W,On the Road,Damla; Sonia,2,isbn; title_author
/works/OL28148070W,Outlive: The Science & Art of Longevity,Becky; Jieyu,2,isbn
/works/OL17762217W,Pachinko,Ellen; Jieyu,2,title_author
title:plague|author:camus,The Plague,Serena; Sonia,2,unresolved
/works/OL1846845W,The Poisonwood Bible,Konnor; Sonia,2,isbn
/works/OL7998481W,"Power, Sex, Suicide: Mitochondria and the Meaning of Life",Damla; Konnor,2,isbn
/works/OL486967W,The Princess Bride,Ellen; Konnor,2,isbn
/works/OL5911565W,Probability Theory: The Logic of Science,Damla; Meryl,2,isbn
/works/OL19663676W,The Radium Girls: The Dark Story of America’s Shining Women,Jieyu; Sonia,2,isbn
/works/OL36633W,Rebecca,Ellen; Serena,2,isbn; title_author
title:red rising|author:brown,"Red Rising (Red Rising Saga, #1)",Becky; Konnor,2,unresolved
/works/OL59048W,The Remains of the Day,Becky; Jieyu,2,title_author
/works/OL25382083W,Remarkably Bright Creatures,Jieyu; Sonia,2,isbn
/works/OL40873W,The Road,Damla; Jieyu,2,isbn
/works/OL455305W,The Scarlet Letter,Serena; Sonia,2,isbn; title_author
/works/OL20022363W,The Serengeti Rules: The Quest to Discover How Life Works and Why It Matters,Konnor; Sonia,2,isbn
/works/OL19748973W,Severance,Jieyu; Konnor,2,isbn
/works/OL20028150W,Shrill: Notes from a Loud Woman,Jieyu; Sonia,2,isbn
/works/OL872932W,Siddhartha,Damla; Sonia,2,title_author
/works/OL98485W,The Sirens of Titan,Becky; Konnor,2,title_author
/works/OL16509148W,The Song of Achilles,Ellen; Jieyu,2,title_author
/works/OL17202418W,Station Eleven,Becky; Sonia,2,isbn
title:stranger|author:camus,The Stranger,Jieyu; Meryl,2,unresolved
/works/OL62979W,The Sun Also Rises,Konnor; Sonia,2,title_author
title:tender is the flesh|author:bazterrica,Tender Is the Flesh,Ellen; Serena,2,unresolved
/works/OL15992072W,"Thinking, Fast and Slow",Konnor; Sonia,2,isbn
title:three body problem|author:liu,"The Three-Body Problem (Remembrance of Earth’s Past, #1)",Ellen; Meryl,2,unresolved
title:thursday murder club|author:osman,"The Thursday Murder Club (Thursday Murder Club, #1)",Becky; Ellen,2,unresolved
/works/OL39396W,To the Lighthouse,Jieyu; Sonia,2,title_author
/works/OL23201W,Tortilla Flat,Ellen; Konnor,2,isbn
title:tuesdays with morrie an old man a young man and life s greatest lesson|author:albom,"Tuesdays with Morrie: An Old Man, a Young Man, and Life's Greatest Lesson",Jieyu; Konnor,2,unresolved
/works/OL45345107W,The Unicorn Hunters,Ellen; Sonia,2,isbn
/works/OL28738217W,"The Wager: A Tale of Shipwreck, Mutiny and Murder",Becky; Jieyu,2,isbn
/works/OL267171W,War and Peace,Konnor; Meryl,2,isbn
/works/OL37581809W,The Warm Hands of Ghosts,Ellen; Sonia,2,isbn
/works/OL37618227W,The Wedding People,Damla; Ellen,2,title_author
/works/OL2680436W,When Nietzsche Wept,Jieyu; Sonia,2,isbn
title:why fish don t exist a story of loss love and the hidden order of life|author:miller,"Why Fish Don’t Exist: A Story of Loss, Love, and the Hidden Order of Life",Ellen; Konnor,2,unresolved
/works/OL42424992W,Wild Dark Shore,Ellen; Jieyu,2,same_title_as_catalog_match; title_author
/works/OL16142316W,Wild: From Lost to Found on the Pacific Crest Trail,Jieyu; Konnor,2,isbn
/works/OL21177W,Wuthering Heights,Jieyu; Konnor,2,title_author
/works/OL29050559W,Yellowface,Ellen; Meryl,2,title_author
/works/OL1002156W,Água Viva,Meryl; Sonia,2,isbn
/works/OL20905195W,", said the shotgun to the head.",Ellen,1,isbn
/works/OL1847463W,100 Selected Poems,Damla,1,isbn
/works/OL44053835W,107 Days,Jieyu,1,isbn
/works/OL16002468W,11/22/63,Ellen,1,isbn
/works/OL44551395W,1929: Inside the Greatest Crash in Wall Street History--and How It Shattered a Nation,Jieyu,1,isbn
/works/OL712025W,2666,Jieyu,1,isbn
/works/OL3353439W,The 4-Hour Workweek,Jieyu,1,isbn
/works/OL42402814W,The 5 Types of Wealth: A Transformative Guide to Design Your Dream Life,Jieyu,1,isbn
/works/OL18290834W,7 Greeks,Damla,1,isbn
title:99 ways to die and how to avoid them|author:alker,99 Ways to Die: And How to Avoid Them,Jieyu,1,unresolved
/works/OL937456W,A Beautiful Mind,Jieyu,1,isbn
/works/OL26590034W,"A Botanist's Guide to Parties and Poisons (Saffron Everleigh Mystery, #1)",Ellen,1,isbn
/works/OL1892617W,A Brief History of Time,Sonia,1,isbn
title:caribbean heiress in paris|author:herrera,"A Caribbean Heiress in Paris (Las Leonas, #1)",Ellen,1,unresolved
/works/OL32466W,A Christmas Carol,Konnor,1,isbn
/works/OL261794W,A Clockwork Orange,Sonia,1,title_author
/works/OL1160094W,A Concise History of Modern Painting,Damla,1,isbn
/works/OL17765779W,A Crack in Creation: Gene Editing and the Unthinkable Power to Control Evolution,Jieyu,1,isbn
/works/OL17332803W,"A Darker Shade of Magic (Shades of Magic, #1)",Ellen,1,isbn
title:desolate spring|author:greveson,"A Desolate Spring (The Isle of Aestus, #1)",Ellen,1,unresolved
/works/OL8203382W,A Different Universe: Reinventing Physics from the Bottom Down,Sonia,1,isbn
/works/OL15456729W,"A Discovery of Witches (All Souls, #1)",Damla,1,isbn
/works/OL63072W,A Farewell to Arms,Konnor,1,isbn
/works/OL37578564W,"A Feather So Black (Fair Folk, #1)",Ellen,1,isbn
/works/OL42555544W,A Flower Traveled in My Blood,Jieyu,1,isbn
/works/OL42549171W,"A Forbidden Alchemy (The Artisan Trilogy, #1)",Ellen,1,isbn
/works/OL17797130W,A Gentleman in Moscow,Ellen,1,title_author
/works/OL41954W,A Good Scent from a Strange Mountain,Jieyu,1,isbn
/works/OL22425740W,"A Master of Djinn (Dead Djinn Universe, #1)",Ellen,1,isbn
/works/OL19325338W,A Million Junes,Ellen,1,isbn
/works/OL112983W,A Month in the Country,Ellen,1,isbn
/works/OL88809W,A Passage to India,Konnor,1,isbn
/works/OL50283W,A People’s History of the United States: 1492 - Present,Konnor,1,isbn
title:potion a powder a little bit of magic or like lightning in an umbrella storm|author:stead,"A Potion, a Powder, a Little Bit of Magic: Or, Like Lightning in an Umbrella Storm",Ellen,1,unresolved
/works/OL22235242W,A Promised Land,Jieyu,1,isbn
/works/OL21139737W,A Random Walk Down Wall Street: The Time-Tested Strategy for Successful Investing,Konnor,1,isbn
/works/OL25339766W,"A River Enchanted (Elements of Cadence, #1)",Ellen,1,isbn
/works/OL2172433W,A Scanner Darkly,Sonia,1,isbn
/works/OL24538829W,"A Spindle Splintered (Fractured Fables, #1)",Ellen,1,isbn
/works/OL20922643W,A Thousand Ships,Sonia,1,isbn
/works/OL5782000W,A Thousand Splendid Suns,Konnor,1,isbn
title:touch of gold and madness|author:devore,"A Touch of Gold and Madness (Celestials of Arcadia, #1)",Ellen,1,unresolved
/works/OL2779741W,A Town Like Alice,Ellen,1,isbn
title:tribute of fire|author:wilson,"A Tribute of Fire (The Eye of the Goddess, #1)",Ellen,1,unresolved
title:winter s promise|author:dabos,"A Winter's Promise (The Mirror Visitor, #1)",Ellen,1,unresolved
/works/OL28356965W,"A Witch's Guide to Fake Dating a Demon (Glimmer Falls, #1)",Ellen,1,isbn
title:wizard of earthsea|author:guin,"A Wizard of Earthsea (The Earthsea Cycle, #1)",Ellen,1,unresolved
/works/OL37862468W,A Woman Among Wolves: My Journey Through Forty Years of Wolf Recovery,Jieyu,1,isbn
/works/OL45011996W,A World Appears: A Journey into Consciousness,Konnor,1,isbn
/works/OL26460619W,A World History of Art,Damla,1,isbn
title:wraith beneath the tides|author:jae,"A Wraith Beneath the Tides (Beyond the Tides, #1)",Ellen,1,unresolved
/works/OL82928W,"Absalom, Absalom",Sonia,1,title_author
/works/OL42415680W,Abundance,Sonia,1,isbn
/works/OL19989832W,The Accidental Superpower: The Next Generation of American Preeminence and the Coming Global Disorder,Konnor,1,isbn
title:accomplice to the villain|author:maehrer,"Accomplice to the Villain (Assistant to the Villain, #3)",Ellen,1,unresolved
/works/OL21904684W,"Act Your Age, Eve Brown (The Brown Sisters, #3)",Ellen,1,isbn
/works/OL21914859W,ADHD 2.0: New Science and Essential Strategies for Thriving with Distraction—From Childhood Through Adulthood,Meryl,1,isbn
title:adventures of amina al sirafi|author:chakraborty,"The Adventures of Amina al-Sirafi (Amina al-Sirafi, #1)",Ellen,1,unresolved
/works/OL53919W,The Adventures of Tom Sawyer,Konnor,1,isbn
/works/OL18980010W,Aesop’s Fables,Konnor,1,isbn
/works/OL496473W,Against Interpretation and Other Essays,Damla,1,isbn
/works/OL20163196W,The Age of Living Machines: How Biology Will Build the Next Technology Revolution,Sonia,1,isbn
/works/OL29286W,"Alanna: The First Adventure (Song of the Lioness, #1)",Ellen,1,isbn
/works/OL44220705W,"Alchemy of Secrets (Alchemy of Secrets, #1)",Ellen,1,isbn
title:alecto the ninth|author:muir,"Alecto the Ninth (The Locked Tomb, #4)",Ellen,1,unresolved
title:alemdag da var bir y lan|author:k,Alemdağ'da Var Bir Yılan,Damla,1,unresolved
/works/OL17357767W,Algorithms to Live By: The Computer Science of Human Decisions,Sonia,1,isbn
/works/OL40610723W,"Alice's Adventures in Wonderland (Alice's Adventures in Wonderland, #1)",Konnor,1,title_author
title:alison|author:stewart,Alison,Serena,1,unresolved
/works/OL10332831W,All I Really Need to Know I Learned in Kindergarten,Konnor,1,isbn
title:all i want for christmas is a faerie assassin|author:macfarlane,All I Want for Christmas is a Faerie Assassin?!,Ellen,1,unresolved
/works/OL1209288W,All Quiet on the Western Front,Sonia,1,isbn
/works/OL19975877W,"All the Birds, Singing",Sonia,1,isbn
/works/OL37616867W,All the Colors of the Dark,Sonia,1,isbn
/works/OL16821606W,All the Light We Cannot See,Jieyu,1,isbn
title:altered carbon|author:morgan,"Altered Carbon (Takeshi Kovacs, #1)",Sonia,1,unresolved
/works/OL16618461W,American Elsewhere,Sonia,1,isbn
title:american hagwon|author:lee,American Hagwon,Sonia,1,unresolved
title:american struggle democracy dissent and the pursuit of a more perfect union an anthology|author:meacham,"American Struggle: Democracy, Dissent, and the Pursuit of a More Perfect Union: An Anthology",Jieyu,1,unresolved
/works/OL19715532W,"An Alchemy of Masques and Mirrors (The Risen Kingdoms, #1)",Ellen,1,isbn
title:ember in the ashes|author:tahir,"An Ember in the Ashes (An Ember in the Ashes, #1)",Ellen,1,unresolved
/works/OL19721842W,An Enchantment of Ravens,Ellen,1,isbn
/works/OL93547W,An Enquiry Concerning Human Understanding,Jieyu,1,isbn
/works/OL1088559W,An Outline of Philosophy,Damla,1,isbn
/works/OL42410430W,And They Were Roommates,Ellen,1,isbn
/works/OL936839W,Animal Liberation,Jieyu,1,isbn
/works/OL228715W,Another Country,Meryl,1,isbn
/works/OL731737W,Anthem,Sonia,1,isbn
/works/OL22425473W,The Anthropocene Reviewed: Essays on a Human-Centered Planet,Jieyu,1,isbn
/works/OL16445795W,Anti-Intellectualism in American Life,Jieyu,1,isbn
/works/OL37575384W,The Anxious Generation: How the Great Rewiring of Childhood Caused an Epidemic of Mental Illness,Sonia,1,isbn
/works/OL1237227W,Aphrodite: Moeurs antiques,Damla,1,isbn
title:arcana academy|author:kova,"Arcana Academy (Arcana Academy, #1)",Ellen,1,unresolved
/works/OL8905248W,Arcana: Musicians on Music,Damla,1,isbn
title:architect of song|author:howard,"The Architect of Song (Haunted Hearts Legacy, #1)",Sonia,1,unresolved
/works/OL42460384W,Are You Mad at Me?,Jieyu,1,isbn
/works/OL1100007W,Around the World in Eighty Days,Sonia,1,isbn
/works/OL579162W,Art And Revolution,Damla,1,isbn
/works/OL33936159W,Art and Society,Damla,1,isbn
title:art of focus find meaning reinvent yourself and create your ideal future|author:koe,"The Art of Focus: Find Meaning, Reinvent Yourself and Create Your Ideal Future",Konnor,1,unresolved
/works/OL5110260W,The Art of Noise,Damla,1,title_author
/works/OL2756026W,The Art of Racing in the Rain,Konnor,1,isbn
title:art of scientific storytelling transform your research manuscript using a step by step formula|author:luna,The Art of Scientific Storytelling: Transform Your Research Manuscript using a Step-by-Step Formula,Damla,1,unresolved
/works/OL244537W,The Art of War,Konnor,1,title_author
/works/OL579109W,The Art-Work of the Future and Other Works,Damla,1,isbn
title:ascendant|author:miller,"Ascendant (Songs of Chaos, #1)",Ellen,1,unresolved
title:ashes the star cursed king|author:broadbent,"The Ashes & the Star-Cursed King (Crowns of Nyaxia, #2)",Ellen,1,unresolved
/works/OL2707183W,"Assassin's Apprentice (Farseer Trilogy, #1)",Ellen,1,isbn
/works/OL24811392W,Assembly,Serena,1,title_author
/works/OL17323751W,At the Existentialist Café,Sonia,1,isbn
/works/OL26271187W,Ateşten Gömlek,Damla,1,isbn
/works/OL27969006W,"The Atlas Paradox (The Atlas, #2)",Ellen,1,isbn
/works/OL731644W,Atlas Shrugged,Konnor,1,isbn
/works/OL42412330W,Atmosphere,Jieyu,1,title_author
title:atomic habits an easy proven way to build good habits break bad ones|author:clear,Atomic Habits: An Easy & Proven Way to Build Good Habits & Break Bad Ones,Konnor,1,unresolved
/works/OL8026525W,Autobiography of Red: A Novel in Verse,Damla,1,isbn
/works/OL26372509W,Aylaklığa Övgü,Damla,1,isbn
title:babel or the necessity of violence|author:kuang,Babel: Or the Necessity of Violence,Serena,1,unresolved
/works/OL42424442W,Baldwin: A Love Story,Jieyu,1,isbn
/works/OL29046544W,The Banshees of Inisherin,Konnor,1,isbn
/works/OL29243966W,The Baron in the Trees,Sonia,1,title_author
/works/OL1810279W,Bastard Out of Carolina,Konnor,1,isbn
/works/OL35721188W,Baumgartner,Serena,1,title_author
/works/OL20654696W,"Beartown (Beartown, #1)",Sonia,1,isbn
/works/OL26279543W,Beat Kuşağı Antolojisi,Damla,1,isbn
/works/OL468362W,The Beautiful and Damned,Sonia,1,isbn
title:beautiful summer una bella estate|author:pavese,The Beautiful Summer (Una bella estate),Serena,1,unresolved
/works/OL3348658W,The Beauty Myth: How Images of Beauty Are Used Against Women,Damla,1,isbn
title:because i killed him|author:birde,"Because I Killed Him (The Nine Gentlemen, #1)",Ellen,1,unresolved
/works/OL19652686W,"The Bedlam Stacks (The Watchmaker of Filigree Street, #1.5)",Sonia,1,isbn
/works/OL15741833W,Before I Go to Sleep,Jieyu,1,isbn
/works/OL37563845W,Behind You Is the Sea,Jieyu,1,isbn
title:behooved|author:stevenson,Behooved,Ellen,1,unresolved
/works/OL28866430W,Beijing Sprawl,Sonia,1,isbn
/works/OL77609W,Being and Time,Damla,1,isbn
/works/OL17079567W,Being Mortal: Medicine and What Matters in the End,Sonia,1,isbn
/works/OL50548W,Beloved,Jieyu,1,title_author
/works/OL24326536W,Ben Sana Mecburum,Damla,1,isbn
/works/OL37857023W,The Berlin Letters,Ellen,1,isbn
title:between|author:starling,"Between (The Chronicles of Between, #1)",Ellen,1,unresolved
/works/OL17201654W,Between the World and Me,Meryl,1,title_author
/works/OL98174W,Beyond Good and Evil,Meryl,1,isbn
/works/OL20006195W,Beyond Words: What Animals Think and Feel,Jieyu,1,isbn
title:bes sehir|author:nar,Beş Şehir,Damla,1,unresolved
/works/OL65938W,Big Sur,Damla,1,isbn
/works/OL1919935W,Biological Exuberance: Animal Homosexuality and Natural Diversity,Jieyu,1,isbn
/works/OL489421W,Bird by Bird: Some Instructions on Writing and Life,Sonia,1,isbn
/works/OL553754W,"The Black Dahlia (L.A. Quartet, #1)",Damla,1,isbn
/works/OL42423534W,Black in Blues: How a Color Tells the Story of My People,Jieyu,1,isbn
title:black tabs|author:schwab,Black Tabs,Sonia,1,unresolved
title:black tulip|author:dumas,The Black Tulip,Serena,1,unresolved
/works/OL5705728W,"Black: The Birth of Evil (The Circle, #1)",Sonia,1,isbn
/works/OL47987W,Blake,Damla,1,isbn
/works/OL25337933W,"The Blighted Stars (The Devoured Worlds, #1)",Ellen,1,isbn
/works/OL27640543W,Bliss Montage,Konnor,1,isbn
title:blood for blood|author:selman,"Blood for Blood (Ziba MacKenzie, #1)",Ellen,1,unresolved
/works/OL40879W,Blood Meridian,Anon 6,1,title_author
title:blood meridian or the evening redness in the west|author:mccarthy,"Blood Meridian, or, the Evening Redness in the West",Sonia,1,unresolved
/works/OL38674468W,"Blood of Hercules (Villains of Lore, #1)",Ellen,1,isbn
/works/OL37942515W,Blood Over Bright Haven,Ellen,1,isbn
/works/OL37567597W,Blue Sisters,Serena,1,title_author
/works/OL109416W,"The Blue Sword (Damar, #1)",Sonia,1,isbn
/works/OL98476W,Bluebeard,Ellen,1,isbn
/works/OL19999140W,"Blueprint for Revolution: How to Use Rice Pudding, Lego Men, and Other Nonviolent Techniques to Galvanize Communities, Overthrow Dictators, or Simply Change the World",Sonia,1,isbn
/works/OL50565W,The Bluest Eye,Ellen,1,title_author
/works/OL20333471W,The Body: A Guide for Occupants,Sonia,1,isbn
/works/OL17078738W,The Bone Clocks,Sonia,1,isbn
/works/OL36027001W,"The Bone Season (The Bone Season, #1)",Ellen,1,isbn
/works/OL42428354W,The Book Club for Troublesome Women,Jieyu,1,isbn
/works/OL25958054W,The Book Eaters,Ellen,1,isbn
title:book of azrael|author:nicole,"The Book of Azrael (Gods & Monsters, #1)",Ellen,1,unresolved
title:book of fallen leaves|author:tamaki,"The Book of Fallen Leaves (The Autumn Empire, #1)",Ellen,1,unresolved
/works/OL24703910W,The Book of Hope: A Survival Guide for Trying Times,Jieyu,1,isbn
/works/OL10402330W,The Book of Laughter and Forgetting,Sonia,1,isbn
/works/OL42556990W,The Book of Lost Hours,Becky,1,isbn
/works/OL1998803W,"The Book of Lost Things (The Book of Lost Things, #1)",Sonia,1,isbn
/works/OL5819456W,The Book Thief,Jieyu,1,title_author
title:books of jacob|author:tokarczuk,The Books of Jacob,Jieyu,1,unresolved
/works/OL6020605W,The Bookseller of Kabul,Sonia,1,isbn
/works/OL37857549W,The Bookshop: A History of the American Bookstore,Jieyu,1,isbn
/works/OL17824318W,Born a Crime: Stories from a South African Childhood,Sonia,1,isbn
/works/OL19997005W,Born with Teeth,Sonia,1,isbn
title:boy from the sea|author:macfarlane,The Boy from the Sea,Ellen,1,unresolved
title:boy parts|author:clark,Boy Parts,Ellen,1,unresolved
/works/OL17038299W,The Boys in the Boat: Nine Americans and Their Epic Quest for Gold at the 1936 Berlin Olympics,Sonia,1,isbn
/works/OL16819897W,"Braiding Sweetgrass: Indigenous Wisdom, Scientific Knowledge, and the Teachings of Plants",Ellen,1,isbn
/works/OL16599694W,Brain on Fire: My Month of Madness,Jieyu,1,isbn
/works/OL64365W,Brave New World,Meryl,1,isbn
/works/OL98488W,Breakfast of Champions,Konnor,1,isbn
/works/OL34454903W,Breaking Through: My Life in Science,Jieyu,1,isbn
/works/OL5721394W,Brideshead Revisited,Jieyu,1,isbn
/works/OL27079W,Bridge to Terabithia,Jieyu,1,isbn
title:briefcase|author:kawakami,The Briefcase,Serena,1,unresolved
/works/OL19721897W,The Bright Hour: A Memoir of Living and Dying,Konnor,1,isbn
/works/OL10432709W,The Brothers Karamazov,Sonia,1,isbn
/works/OL1614789W,Bu Ülke,Damla,1,isbn
/works/OL20153626W,Bullshit Jobs: A Theory,Jieyu,1,isbn
/works/OL45064293W,Burn Down Master's House,Jieyu,1,isbn
/works/OL42419161W,Bury Our Bones in the Midnight Soil,Sonia,1,isbn
title:business of death|author:jamieson,"The Business of Death (Death Works Trilogy, #3)",Ellen,1,unresolved
/works/OL37567378W,The Butcher of the Forest,Ellen,1,isbn
/works/OL37571490W,Butter,Ellen,1,isbn
/works/OL26276894W,Bütün Öyküleri,Damla,1,isbn
/works/OL3942746W,"Cahiers du Cinéma, the 1950s: Neo-Realism, Hollywood, New Wave",Damla,1,isbn
/works/OL14942956W,The Call of the Wild,Konnor,1,title_author
/works/OL1375083W,Camera Lucida: Reflections on Photography,Damla,1,isbn
title:canistan|author:lgan,Canistan,Damla,1,unresolved
/works/OL23199W,"Cannery Row (Cannery Row, #1)",Konnor,1,isbn
/works/OL17360540W,"Captive Prince (Captive Prince, #1)",Sonia,1,title_author
/works/OL27305925W,Carrie Soto Is Back,Jieyu,1,isbn
/works/OL23521399W,The Cartographers,Ellen,1,isbn
/works/OL183675W,The Castle of Otranto,Serena,1,title_author
/works/OL3335245W,The Catcher in the Rye,Meryl,1,isbn
/works/OL32471160W,Cehenneme Övgü: Gündelik Hayatta Totalitarizm,Damla,1,isbn
title:chaos the making of a new science|author:gleick,Chaos: The Making of a New Science,Sonia,1,unresolved
/works/OL15436462W,The Checklist Manifesto: How to Get Things Right,Konnor,1,isbn
title:child of pleasure il piacere|author:annunzio,The Child of Pleasure (Il Piacere),Serena,1,unresolved
title:children of gods and fighting men|author:lawless,"The Children of Gods and Fighting Men (Gael Song, #1)",Ellen,1,unresolved
/works/OL2686148W,The Chinese in America: A Narrative History,Jieyu,1,isbn
/works/OL27846746W,Chip War: The Fight for the World's Most Critical Technology,Sonia,1,isbn
/works/OL8002189W,"The Chosen: The Hidden History of Admission and Exclusion at Harvard, Yale, and Princeton – A Landmark History of Elite College Merit and American Opportunity",Jieyu,1,isbn
/works/OL274574W,Chronicle of a Death Foretold,Jieyu,1,isbn
/works/OL18012166W,Circe,Jieyu,1,isbn
/works/OL21095119W,Circe and the Cyclops,Damla,1,isbn
/works/OL19341943W,The City & the City,Becky,1,isbn
title:city of gods and monsters|author:edwards,"City of Gods and Monsters (House of Devils, #1)",Ellen,1,unresolved
/works/OL1801116W,City of Quartz: Excavating the Future in Los Angeles,Sonia,1,isbn
/works/OL15032538W,Civil Disobedience and Other Essays,Konnor,1,isbn
title:cleo dang would rather be dead|author:nguyen,Cleo Dang Would Rather Be Dead,Jieyu,1,unresolved
/works/OL25345096W,Cleopatra and Frankenstein,Serena,1,title_author
/works/OL482454W,Cloud Atlas,Sonia,1,isbn
/works/OL24217656W,"The Code Breaker: Jennifer Doudna, Gene Editing, and the Future of the Human Race",Sonia,1,isbn
/works/OL444723W,Collected Fictions,Sonia,1,title_author
/works/OL15136245W,"Collected Poems, 1909-1962",Damla,1,isbn
/works/OL453657W,"The Color of Magic (Discworld, #1; Rincewind, #1)",Ellen,1,isbn
title:colorless tsukuru tazaki and his years of pilgrimage|author:murakami,Colorless Tsukuru Tazaki and His Years of Pilgrimage,Serena,1,unresolved
/works/OL1865547W,The Colossus and Other Poems,Damla,1,isbn
/works/OL5850729W,Come Closer,Serena,1,title_author
/works/OL60358W,Common Sense,Konnor,1,isbn
/works/OL629052W,The Communist Manifesto,Konnor,1,isbn
/works/OL28344726W,Communists in Closets: Queering the History 1930s–1990s,Damla,1,isbn
/works/OL953162W,Como agua para chocolate,Jieyu,1,isbn
title:companions of jehu|author:dumas,"The Companions of Jehu (Sainte-Hermine, #2)",Damla,1,unresolved
/works/OL2232777W,The Complete Poems 1927-1979,Damla,1,isbn
/works/OL16033097W,The Complete Poems of Emily Dickinson,Damla,1,title_author
/works/OL45362891W,The Complete Sherlock Holmes,Konnor,1,title_author
/works/OL65292W,The Complete Stories,Jieyu,1,title_author
/works/OL1845165W,Confessions of a Mask,Ellen,1,isbn
/works/OL16239476W,Connectome: How the Brain's Wiring Makes Us Who We Are,Sonia,1,isbn
/works/OL1088568W,The Conquest of Happiness,Jieyu,1,isbn
/works/OL16812481W,Consciousness and the Social Brain,Jieyu,1,isbn
/works/OL16184463W,Consciousness: Confessions of a Romantic Reductionist,Jieyu,1,isbn
/works/OL93833W,Contes du jour et de la nuit,Damla,1,isbn
/works/OL42414694W,The Correspondent,Jieyu,1,isbn
/works/OL27955361W,The Creative Act: A Way of Being,Sonia,1,isbn
title:crime and punishment|author:dostoevsky,Crime and Punishment,Meryl,1,unresolved
title:crown of oaths and curses|author:bree,The Crown of Oaths and Curses (The Mortal Fates #1),Ellen,1,unresolved
/works/OL19705976W,Cruel Beauty,Ellen,1,isbn
/works/OL42567045W,Culpability,Becky,1,isbn
/works/OL56910W,"The Curse of Chalion (World of the Five Gods, #1)",Sonia,1,isbn
/works/OL472470W,"Curtain (Hercule Poirot, #44)",Jieyu,1,isbn
/works/OL98585W,The Custom of the Country,Jieyu,1,isbn
/works/OL14933038W,Cutting for Stone,Konnor,1,isbn
title:da vinci code|author:brown,"The Da Vinci Code (Robert Langdon, #2)",Jieyu,1,unresolved
title:daily stoic 366 meditations on wisdom perseverance and the art of living|author:holiday,"The Daily Stoic: 366 Meditations on Wisdom, Perseverance, and the Art of Living",Konnor,1,unresolved
/works/OL17358795W,Dark Matter,Sonia,1,isbn
/works/OL5692978W,"Darkfever (Fever, #1)",Ellen,1,isbn
title:daughter of no worlds|author:broadbent,"Daughter of No Worlds (The War of Lost Hearts, #1)",Ellen,1,unresolved
/works/OL8662242W,David Copperfield,Konnor,1,title_author
/works/OL26084244W,The Dead Romantics,Ellen,1,title_author
/works/OL5734770W,"Deadhouse Gates (Malazan Book of the Fallen, #2)",Jieyu,1,isbn
/works/OL17541445W,Death,Sonia,1,isbn
/works/OL66346W,Death of a Salesman,Sonia,1,isbn
/works/OL17713267W,Deep Work: Rules for Focused Success in a Distracted World,Sonia,1,isbn
/works/OL17710835W,The Descent of Man,Jieyu,1,isbn
/works/OL1879162W,The Design of Everyday Things,Sonia,1,isbn
/works/OL8975117W,Destruction d'un cœur,Damla,1,isbn
/works/OL21523950W,"The Devil in the Marshalsea (Thomas Hawkins, #1)",Ellen,1,isbn
title:devils|author:abercrombie,"The Devils (The Devils, #1)",Ellen,1,unresolved
/works/OL65897W,Dharma Bums,Sonia,1,title_author
/works/OL14982137W,Dialogues Concerning Natural Religion,Damla,1,isbn
/works/OL2948954W,The Diary of a Young Girl,Konnor,1,title_author
/works/OL115341W,Diaspora,Becky,1,isbn
/works/OL37944807W,Dinner for Vampires: Life on a Cult TV Show,Jieyu,1,isbn
/works/OL80737W,Discourse on the Origin of Inequality,Damla,1,isbn
title:dispossessed an ambiguous utopia|author:guin,The Dispossessed: An Ambiguous Utopia,Damla,1,unresolved
title:disturbance|author:bernhard,Disturbance,Serena,1,unresolved
/works/OL93082W,The Divine Comedy: Inferno - Purgatorio - Paradiso,Konnor,1,isbn
/works/OL15729471W,"Do Androids Dream of Electric Sheep? 1 (Do Androids Dream of Electric Sheep?, #1)",Becky,1,isbn
title:dog days|author:labarge,Dog Days,Konnor,1,unresolved
/works/OL64441W,The Doors of Perception,Konnor,1,title_author
/works/OL2125469W,The Double Helix,Sonia,1,isbn
/works/OL2581142W,"Dragon Prince (Dragon Prince, #1)",Ellen,1,isbn
/works/OL2250813W,"The Dragonbone Chair (Memory, Sorrow, and Thorn, #1)",Ellen,1,isbn
/works/OL73387W,"Dragonflight (Dragonriders of Pern, #1)",Sonia,1,isbn
/works/OL15408610W,The Dreamer,Sonia,1,isbn
/works/OL20003774W,Dreamland: The True Tale of America's Opiate Epidemic,Sonia,1,isbn
title:dreams of trespass tales of a harem girlhood|author:mernissi,Dreams of Trespass: Tales of a Harem Girlhood,Serena,1,unresolved
/works/OL5962973W,Drinking Coffee Elsewhere,Sonia,1,isbn
/works/OL3268320W,Drown,Sonia,1,isbn
/works/OL86320W,Dubliners,Sonia,1,title_author
/works/OL893461W,Dune Messiah (Dune #2),Sonia,1,isbn
/works/OL1847489W,E.E. Cummings: Complete Poems 1904-1962,Damla,1,isbn
/works/OL18139176W,Educated,Sonia,1,isbn
/works/OL3469718W,The Effects of Noise on Man,Damla,1,isbn
title:eichmann in jerusalem a report on the banality of evil|author:arendt,Eichmann in Jerusalem: A Report on the Banality of Evil,Konnor,1,unresolved
/works/OL20680779W,Eleanor Oliphant Is Completely Fine,Jieyu,1,isbn
/works/OL2286729W,The Elementary Particles,Konnor,1,isbn
/works/OL3085962W,Ella Minnow Pea: A Novel in Letters,Ellen,1,isbn
/works/OL42394591W,The Emperor of Gladness,Ellen,1,isbn
/works/OL24218388W,Empire of Pain: The Secret History of the Sackler Dynasty,Jieyu,1,isbn
/works/OL20141524W,"Empire of Silence (The Sun Eater, #1)",Ellen,1,isbn
/works/OL24210358W,"Empire of the Vampire (Empire of the Vampire, #1)",Ellen,1,isbn
/works/OL42399188W,"The Enchanted Greenhouse (Spellshop, #2)",Ellen,1,isbn
/works/OL45719336W,"End of Days: Ruby Ridge, the Apocalypse, and the Unmaking of America",Jieyu,1,isbn
/works/OL21651628W,The End of Love: A Sociology of Negative Relations,Jieyu,1,isbn
/works/OL17848539W,"Enlightenment Now: The Case for Reason, Science, Humanism, and Progress",Sonia,1,isbn
/works/OL42455337W,Enshittification: Why Everything Suddenly Got Worse and What to Do About It,Jieyu,1,isbn
/works/OL20758206W,"Entangled Life: How Fungi Make Our Worlds, Change Our Minds & Shape Our Futures",Konnor,1,isbn
/works/OL783889W,Envy,Damla,1,isbn
/works/OL14908074W,The Epic of Gilgamesh,Konnor,1,isbn
/works/OL20058488W,Erotic Stories for Punjabi Widows,Damla,1,isbn
title:essays|author:orwell,Essays,Sonia,1,unresolved
/works/OL1086528W,The Essays: A Selection,Damla,1,isbn
title:essentialism the disciplined pursuit of less|author:mckeown,Essentialism: The Disciplined Pursuit of Less,Jieyu,1,unresolved
title:etymologicon a circular stroll through the hidden connections of the english language|author:forsyth,The Etymologicon: A Circular Stroll through the Hidden Connections of the English Language,Sonia,1,unresolved
/works/OL37820962W,Eugene Onegin,Damla,1,title_author
title:ever king|author:andrews,"The Ever King (The Ever Seas, #1)",Ellen,1,unresolved
/works/OL17713946W,"Everybody Lies: Big Data, New Data, and What the Internet Can Tell Us About Who We Really Are",Sonia,1,isbn
/works/OL20654212W,Everything I Know About Love,Serena,1,title_author
/works/OL17828326W,Evicted: Poverty and Profit in the American City,Konnor,1,isbn
/works/OL10426574W,The Executioner's Song,Ellen,1,isbn
/works/OL21800587W,Exercised: Why Something We Never Evolved to Do Is Healthy and Rewarding,Jieyu,1,isbn
/works/OL1161181W,Existentialism is a Humanism,Meryl,1,isbn
/works/OL34113385W,Exit Interview: The Life and Death of My Ambitious Career,Sonia,1,isbn
/works/OL111355W,Experience and Education,Damla,1,isbn
/works/OL1932690W,Experimental Music: Cage and Beyond,Damla,1,isbn
/works/OL1966484W,The Extended Phenotype: The Long Reach of the Gene,Damla,1,isbn
title:eye|author:nabokov,The Eye,Serena,1,unresolved
title:fable|author:young,"Fable (The World of the Narrows, #1)",Ellen,1,unresolved
/works/OL1230631W,The Fall,Sonia,1,isbn
/works/OL41078W,The Fall of the House of Usher,Serena,1,title_author
title:famesick|author:dunham,Famesick,Jieyu,1,unresolved
/works/OL44588029W,Family of Spies,Jieyu,1,isbn
/works/OL37578457W,"Fathomfolk (Drowned World, #1)",Ellen,1,isbn
/works/OL1584841W,Fearful Symmetry: A Study of William Blake,Damla,1,isbn
title:federalist papers|author:hamilton,The Federalist Papers,Konnor,1,unresolved
/works/OL34082920W,Feel-Good Productivity: How to Do More of What Matters to You,Jieyu,1,isbn
/works/OL4310025W,Feeling Good: The New Mood Therapy,Sonia,1,isbn
/works/OL20674245W,The Feeling of Life Itself: Why Consciousness Is Widespread but Can't Be Computed,Jieyu,1,isbn
/works/OL37567324W,The Fellowship of Puzzlemakers,Ellen,1,isbn
title:fellowship of the ring|author:tolkien,"The Fellowship of the Ring (The Lord of the Rings, #1)",Meryl,1,unresolved
/works/OL26279216W,Felsefe Sahnesi. Seçme Yazılar 5,Damla,1,isbn
/works/OL26401677W,Felâtun Bey ve Râkım Efendi,Damla,1,isbn
/works/OL7986162W,Feynman's Rainbow: A Search for Beauty in Physics and in Life,Jieyu,1,isbn
title:fifth season|author:jemisin,"The Fifth Season (The Broken Earth, #1)",Ellen,1,unresolved
title:fikrimin ince gulu|author:agaoglu,Fikrimin İnce Gülü,Damla,1,unresolved
/works/OL804721W,Film Form: Essays In Film Theory,Damla,1,isbn
/works/OL44544961W,Finding My Way: A Memoir,Jieyu,1,isbn
/works/OL2683364W,The Fire Next Time,Jieyu,1,isbn
/works/OL19091564W,"Firefight (The Reckoners, #2)",Ellen,1,isbn
/works/OL20505859W,The First Cell: And the Human Costs of Pursuing Cancer to the Last,Sonia,1,isbn
/works/OL28645904W,First Love,Serena,1,title_author
title:first shift legacy|author:howey,"First Shift: Legacy (Shift, #1)",Sonia,1,unresolved
title:first witch of boston|author:catalano,The First Witch of Boston,Jieyu,1,unresolved
/works/OL45976228W,Fishbone Cinderella,Ellen,1,isbn
title:five the untold lives of the women killed by jack the ripper|author:rubenhold,The Five: The Untold Lives of the Women Killed by Jack the Ripper,Jieyu,1,unresolved
/works/OL42428898W,"The Floating World (The Floating World, #1)",Ellen,1,isbn
/works/OL19749336W,Foe,Konnor,1,isbn
title:forest bleeds|author:kitch,The Forest Bleeds,Ellen,1,unresolved
/works/OL21867623W,The Forest of Enchantments,Sonia,1,isbn
/works/OL157100W,Forever Flowing,Damla,1,isbn
/works/OL92493W,The Forgotten Beasts of Eld,Ellen,1,isbn
/works/OL42553310W,The Fort Bragg Cartel: Drug Trafficking and Murder in the Special Forces,Jieyu,1,isbn
/works/OL19956847W,Foster,Ellen,1,isbn
/works/OL46125W,"Foundation (Foundation, #1)",Meryl,1,isbn
/works/OL46390W,"The Foundation Trilogy (Foundation, #1-3)",Jieyu,1,isbn
/works/OL22355777W,Four Thousand Weeks: Time Management for Mortals,Jieyu,1,isbn
/works/OL37619913W,The Fox Wife,Sonia,1,isbn
/works/OL38013880W,Framed: Astonishing True Stories of Wrongful Convictions,Jieyu,1,isbn
/works/OL25595002W,Frankenstein,Sonia,1,isbn
/works/OL17794034W,"Freedom is a Constant Struggle: Ferguson, Palestine and the Foundations of a Movement",Damla,1,isbn
/works/OL19168939W,From Bacteria to Bach and Back: The Evolution of Minds,Sonia,1,isbn
/works/OL37828254W,From Here to the Great Unknown,Jieyu,1,isbn
/works/OL1387322W,From Ritual to Theatre: The Human Seriousness of Play,Damla,1,isbn
/works/OL45936878W,Fruit Fly,Ellen,1,isbn
/works/OL37575890W,Funny Story,Ellen,1,title_author
/works/OL5961774W,"Furies of Calderon (Codex Alera, #1)",Sonia,1,isbn
/works/OL44240007W,The Gales of November: The Untold Story of the Edmund Fitzgerald,Jieyu,1,isbn
/works/OL24783202W,Gallant,Ellen,1,isbn
/works/OL98471W,Galápagos,Konnor,1,isbn
/works/OL5734756W,"Gardens of the Moon (Malazan Book of the Fallen, #1)",Ellen,1,isbn
/works/OL1842802W,The Gate of Heavenly Peace: The Chinese and Their Revolution,Jieyu,1,isbn
/works/OL35951W,"General Theory of Employment, Interest, and Money",Konnor,1,isbn
/works/OL4785852W,Genesis of a Music,Damla,1,isbn
/works/OL2155518W,George Herbert: The Complete English Poems,Damla,1,isbn
/works/OL20056220W,Get a Financial Life: Personal Finance in Your Twenties and Thirties,Jieyu,1,isbn
/works/OL18168037W,Get Out the Vote!: How to Increase Voter Turnout,Konnor,1,isbn
/works/OL17939692W,The Ghost Bride,Sonia,1,isbn
/works/OL17603398W,Ghosts,Sonia,1,isbn
/works/OL26376583W,Gidiyorum Bu: Reloaded,Damla,1,isbn
/works/OL16010306W,The Gifts of Imperfection,Jieyu,1,isbn
/works/OL19569315W,"The Gilded Wolves (The Gilded Wolves, #1)",Ellen,1,isbn
/works/OL15720267W,"The Girl Who Circumnavigated Fairyland in a Ship of Her Own Making (Fairyland, #1)",Ellen,1,isbn
/works/OL25219259W,The Girl Who Fell Beneath the Sea,Ellen,1,isbn
/works/OL20006234W,The Girl with Seven Names: A North Korean Defector's Story,Jieyu,1,isbn
/works/OL15014076W,Give My Regards to Eighth Street: Collected Writings,Damla,1,isbn
/works/OL20198127W,The Giver of Stars,Becky,1,isbn
/works/OL37564003W,Glorious Exploits,Jieyu,1,isbn
/works/OL228705W,Go Tell It on the Mountain,Sonia,1,isbn
/works/OL1052133W,The God of Small Things,Sonia,1,isbn
title:god or space|author:mehrer,God or Space?,Serena,1,unresolved
/works/OL22444104W,Gog,Damla,1,isbn
/works/OL16809803W,The Goldfinch,Meryl,1,isbn
title:gone room a memoir|author:owen,The Gone Room: A Memoir,Jieyu,1,unresolved
/works/OL37826565W,Good Energy: The Surprising Connection Between Metabolism and Limitless Health,Konnor,1,isbn
title:good omens the nice and accurate prophecies of agnes nutter witch|author:pratchett,"Good Omens: The Nice and Accurate Prophecies of Agnes Nutter, Witch",Sonia,1,unresolved
/works/OL45064403W,Good People,Jieyu,1,isbn
/works/OL20155132W,Good Reasons for Bad Feelings: Insights from the Frontier of Evolutionary Psychiatry,Jieyu,1,isbn
/works/OL51785W,Gorgias,Damla,1,isbn
/works/OL19666712W,"Gotham Academy, Volume 1: Welcome to Gotham Academy",Ellen,1,isbn
/works/OL19831623W,"The Grace of Kings (The Dandelion Dynasty, #1)",Ellen,1,isbn
/works/OL15702282W,"Graceling (Graceling Realm, #1)",Ellen,1,isbn
/works/OL18147688W,The Great Alone,Ellen,1,title_author
/works/OL45808W,The Great Automatic Grammatizator,Sonia,1,title_author
/works/OL42394587W,Great Big Beautiful Life,Ellen,1,title_author
/works/OL24145606W,Great Circle,Konnor,1,title_author
title:grimm curiosities|author:fisher,Grimm Curiosities,Ellen,1,unresolved
title:guermantes taraf|author:proust,Guermantes Tarafı,Damla,1,unresolved
/works/OL272388W,The Gulag Archipelago 1918–1956,Jieyu,1,isbn
/works/OL26170993W,Gulyabani,Damla,1,isbn
/works/OL3378527W,The Guns of August,Sonia,1,isbn
/works/OL276558W,"Guns, Germs, and Steel: The Fates of Human Societies",Meryl,1,isbn
title:gurbet hikayeleri yeralt nda dunya var|author:karay,Gurbet Hikâyeleri / Yeraltında Dünya Var,Damla,1,unresolved
/works/OL716850W,"Gödel, Escher, Bach: An Eternal Golden Braid",Jieyu,1,isbn
/works/OL15324663W,Göl İnsanları,Damla,1,isbn
/works/OL14852903W,Gülün Adı,Damla,1,title_author
title:haben the deafblind woman who conquered harvard law|author:girma,Haben: The Deafblind Woman Who Conquered Harvard Law,Becky,1,unresolved
title:haks z yonetime kars tembellik hakk|author:thoreau,Haksız Yönetime Karşı & Tembellik Hakkı,Damla,1,unresolved
/works/OL20831706W,"Half a Soul (Regency Faerie Tales, #1)",Ellen,1,isbn
/works/OL46759W,Half Broke Horses,Ellen,1,isbn
/works/OL44829733W,Half His Age,Ellen,1,isbn
/works/OL26409807W,Handan,Damla,1,isbn
/works/OL11806632W,The Happiness Trap: How to Stop Struggling and Start Living: A Guide to ACT,Sonia,1,isbn
/works/OL21686319W,"Happy Sexy Millionaire: Unexpected Truths about Fulfillment, Love, and Success",Sonia,1,isbn
/works/OL16818208W,The Hard Thing About Hard Things: Building a Business When There Are No Easy Answers―Straight Talk on the Challenges of Entrepreneurship,Sonia,1,isbn
title:hard boiled wonderland and the end of the world|author:murakami,Hard-Boiled Wonderland and the End of the World,Serena,1,unresolved
/works/OL457172W,"Haroun and the Sea of Stories (Khalifa Brothers, #1)",Sonia,1,isbn
/works/OL20032935W,The Hating Game,Ellen,1,title_author
/works/OL3171069W,The Haunting of Hill House,Ellen,1,isbn
/works/OL38663W,Heart of Darkness,Konnor,1,isbn
/works/OL25336367W,Heartbreak: A Personal and Scientific Journey,Jieyu,1,isbn
title:heaven|author:kawakami,Heaven,Serena,1,unresolved
/works/OL20705835W,Heaven and Hell: A History of the Afterlife,Sonia,1,isbn
/works/OL15281271W,Heidegger and Modernity,Damla,1,isbn
/works/OL27852012W,"Hell Bent (Ninth House Trilogy, #2)",Ellen,1,isbn
/works/OL28723763W,Hello Beautiful,Konnor,1,title_author
title:her yerden cok uzakta|author:guin,Her Yerden Çok Uzakta,Damla,1,unresolved
/works/OL24153055W,"The Hidden Palace (The Golem and the Jinni, #2)",Sonia,1,isbn
/works/OL22037613W,The Hidden Spring: A Journey to the Source of Consciousness,Jieyu,1,isbn
/works/OL26372756W,Hikâyeler,Damla,1,isbn
title:hillbilly elegy a memoir of a family and culture in crisis|author:vance,Hillbilly Elegy: A Memoir of a Family and Culture in Crisis,Sonia,1,unresolved
/works/OL5846671W,"His Majesty's Dragon (Temeraire, #1)",Ellen,1,isbn
title:history la storia|author:morante,History (La storia),Serena,1,unresolved
/works/OL14853035W,History of Beauty,Damla,1,isbn
/works/OL20000682W,Hold Still: A Memoir with Photographs,Damla,1,isbn
/works/OL20083449W,"Hollow Kingdom (Hollow Kingdom, #1)",Ellen,1,isbn
/works/OL17795349W,Homegoing,Sonia,1,title_author
/works/OL37575540W,The Honey Witch,Ellen,1,isbn
/works/OL24716016W,"The Honjin Murders (Detective Kosuke Kindaichi, #1)",Ellen,1,isbn
/works/OL20652336W,Hood Feminism: Notes from the Women That a Movement Forgot,Jieyu,1,isbn
title:house in the cerulean sea|author:klune,"The House in the Cerulean Sea (Cerulean Chronicles, #1)",Sonia,1,unresolved
/works/OL42422444W,"House of Blight (The Threadmender Chronicles, #1)",Ellen,1,isbn
/works/OL37614348W,House of Frank,Ellen,1,isbn
/works/OL98587W,The House of Mirth,Sonia,1,isbn
/works/OL42426601W,The House of My Mother: A Daughter's Quest for Freedom,Jieyu,1,isbn
title:house of splinters|author:purcell,House of Splinters,Jieyu,1,unresolved
/works/OL1905255W,The House of the Spirits,Sonia,1,isbn
/works/OL20029301W,"Houston, We Have a Narrative: Why Science Needs Story",Damla,1,isbn
/works/OL28442176W,"How Big Things Get Done: The Surprising Factors That Determine the Fate of Every Project, from Home Renovations to Space Exploration and Everything In Between",Konnor,1,isbn
/works/OL25224820W,How Confidence Works: The new science of self-belief,Jieyu,1,isbn
/works/OL35775978W,How Life Works: A User’s Guide to the New Biology,Jieyu,1,isbn
/works/OL17062668W,How Not to Be Wrong: The Power of Mathematical Thinking,Konnor,1,isbn
/works/OL15837070W,The How of Happiness: A Scientific Approach to Getting the Life You Want,Jieyu,1,isbn
title:how rare is aurelia evangeline|author:bebb,"How Rare Is Aurelia Evangeline (The Rarities Series, #1)",Ellen,1,unresolved
/works/OL20827389W,How to Argue With a Racist: What Our Genes Do (and Don't) Say About Human Difference,Jieyu,1,isbn
/works/OL20086330W,How to Be an Antiracist,Konnor,1,isbn
/works/OL25468525W,How to Be Perfect: The Correct Answer to Every Moral Question,Sonia,1,isbn
/works/OL26660798W,How to Keep House While Drowning,Jieyu,1,isbn
/works/OL35724161W,How to Know a Person: The Art of Seeing Others Deeply and Being Deeply Seen,Sonia,1,isbn
/works/OL60149W,"Howl's Moving Castle (Howl's Moving Castle, #1)",Ellen,1,isbn
/works/OL10460638W,The Human Condition,Sonia,1,isbn
/works/OL15202030W,The Hunchback of Notre-Dame,Sonia,1,isbn
title:hunger|author:young,Hunger,Serena,1,unresolved
/works/OL24494308W,"Hunt the Stars (Starlight's Shadow, #1)",Sonia,1,isbn
title:huzur|author:nar,Huzur,Damla,1,unresolved
/works/OL1963268W,"Hyperion (Hyperion Cantos, #1)",Ellen,1,isbn
/works/OL24326096W,Hyperion oder Der Eremit in Griechenland,Damla,1,isbn
/works/OL8067922W,I Am a Strange Loop,Sonia,1,isbn
/works/OL19669045W,I Am Malala: The Story of the Girl Who Stood Up for Education and Was Shot by the Taliban,Sonia,1,isbn
/works/OL19976660W,I Am Pilgrim,Jieyu,1,isbn
/works/OL36881246W,I Give My Eyes...,Damla,1,isbn
/works/OL80021W,"I Know Why the Caged Bird Sings (Maya Angelou's Autobiography, #1)",Konnor,1,isbn
/works/OL17081977W,I'll Give You the Sun,Sonia,1,isbn
/works/OL37577934W,I'm Sorry for My Loss: An Urgent Examination of Reproductive Care in America,Jieyu,1,isbn
/works/OL26589570W,I've Been Walking,Damla,1,isbn
title:icebreaker|author:grace,"Icebreaker (UCMH, #1)",Ellen,1,unresolved
/works/OL42459478W,"The Idaho Four: An American Tragedy (James Patterson True Crime, #3)",Jieyu,1,isbn
/works/OL16184356W,The Idea Factory: Bell Labs and the Great Age of American Innovation,Konnor,1,isbn
/works/OL20687876W,The Idea of the Brain: The Past and Future of Neuroscience,Jieyu,1,isbn
/works/OL166925W,The Idiot,Jieyu,1,isbn
/works/OL228720W,If Beale Street could talk,Meryl,1,title_author
title:if cats disappeared from the world|author:kawakami,If Cats Disappeared from the World,Serena,1,unresolved
title:if i dig you|author:wilkens,If I Dig You,Ellen,1,unresolved
title:if i understood you would i have this look on my face my adventures in the art and science of relating and communicating|author:alda,"If I Understood You, Would I Have This Look on My Face?: My Adventures in the Art and Science of Relating and Communicating",Damla,1,unresolved
/works/OL19346436W,If Our Bodies Could Talk: A Guide to Operating and Maintaining a Human Body,Sonia,1,isbn
/works/OL29187700W,If We Burn: The Mass Protest Decade and the Missing Revolution,Konnor,1,isbn
/works/OL15103313W,The Iliad / The Odyssey,Konnor,1,isbn
/works/OL17332741W,"Illuminae (The Illuminae Files, #1)",Ellen,1,isbn
title:immortal dark|author:girma,"Immortal Dark (Immortal Dark Trilogy, #1)",Ellen,1,unresolved
/works/OL26510368W,The Immortal King Rao,Sonia,1,isbn
/works/OL10423417W,Immortality,Jieyu,1,isbn
/works/OL29969W,Impro: Improvisation and the Theatre,Konnor,1,isbn
/works/OL3931694W,Improvisation: Its Nature And Practice In Music,Damla,1,isbn
title:in beds of flowers|author:layne,In Beds of Flowers (The Canviant Trilogy #1),Ellen,1,unresolved
/works/OL21705526W,In Control: Dangerous Relationships and How They End in Murder,Jieyu,1,isbn
/works/OL3296482W,In Defense of Food: An Eater's Manifesto,Konnor,1,isbn
/works/OL1190289W,In Search of Lost Time,Jieyu,1,isbn
title:in search of memory the emergence of a new science of mind|author:kandel,In Search of Memory: The Emergence of a New Science of Mind,Jieyu,1,unresolved
/works/OL42439250W,"In the Veins of the Drowning (The Siren Mage, #1)",Ellen,1,isbn
/works/OL29196716W,The In-Between: Unforgettable Encounters During Life's Final Moments,Jieyu,1,isbn
/works/OL26911630W,"The Inadequate Heir (The Bridge Kingdom, #3)",Ellen,1,isbn
title:incandescent|author:tesh,The Incandescent,Ellen,1,unresolved
title:inconvenient indian a curious account of native people in north america|author:king,The Inconvenient Indian: A Curious Account of Native People in North America,Konnor,1,unresolved
/works/OL93227W,Inferno,Sonia,1,isbn
/works/OL16804289W,"Inferno (Robert Langdon, #4)",Ellen,1,isbn
/works/OL45068494W,"The Infinity Machine: Demis Hassabis, DeepMind, and the Quest for Superintelligence",Konnor,1,isbn
/works/OL34242066W,The Ins-N-Outs of In-N-Out Burger: The Inside Story of California's First Drive-Through and How it Became a Beloved Cultural Icon,Konnor,1,isbn
/works/OL24152897W,Inseparable,Sonia,1,isbn
/works/OL273184W,The Intelligent Investor,Konnor,1,isbn
/works/OL2286161W,Interaction of Color,Damla,1,isbn
/works/OL24227711W,The Interpretation of Dreams,Jieyu,1,isbn
/works/OL77826W,Interview with the Vampire,Serena,1,title_author
/works/OL2004958W,"Intimate Politics: How I Grew Up Red, Fought for Free Speech, and Became a Feminist Rebel",Damla,1,isbn
/works/OL17930162W,"Into Oblivion (Young Inspector Erlendur, #3)",Ellen,1,isbn
/works/OL1974546W,Into the Wild,Konnor,1,isbn
title:into thin air a personal account of the mt everest disaster|author:krakauer,Into Thin Air: A Personal Account of the Mt. Everest Disaster,Jieyu,1,unresolved
/works/OL466709W,Introduction To Poetics (Volume 1) (Volume 1) (Theory and History of Literature),Damla,1,isbn
/works/OL17323380W,The Invention of Nature: Alexander von Humboldt's New World,Sonia,1,isbn
/works/OL20796936W,The Invisible Life of Addie LaRue,Ellen,1,isbn
title:iq84|author:murakami,IQ84,Ellen,1,unresolved
/works/OL21000002W,The Iron Man,Damla,1,isbn
/works/OL42432130W,"The Irresistible Urge to Fall For Your Enemy (Dearly Beloathed, #1)",Ellen,1,isbn
/works/OL1787181W,İsyan Günlerinde Aşk,Damla,1,isbn
/works/OL19720196W,"Jade City (The Green Bone Saga, #1)",Ellen,1,isbn
/works/OL36506504W,James,Sonia,1,isbn
/works/OL42334256W,Jane Austen's Bookshelf,Jieyu,1,isbn
/works/OL2736650W,The Japanese Art of War: Understanding the Culture of Strategy,Damla,1,isbn
/works/OL34023748W,"The Jasad Heir (The Scorched Throne, #1)",Ellen,1,isbn
/works/OL24151326W,"The Jasmine Throne (The Burning Kingdoms, #1)",Sonia,1,isbn
/works/OL19359177W,The jazz book,Damla,1,isbn
/works/OL42400625W,The JFK Conspiracy: The Secret Plot to Kill Kennedy―and Why it Failed,Jieyu,1,isbn
/works/OL45691929W,John of John,Jieyu,1,isbn
/works/OL25336370W,Journey of the Mind: How Thinking Emerged from Chaos,Jieyu,1,isbn
/works/OL1287903W,Journey to the End of the Night,Konnor,1,isbn
/works/OL1182539W,Jubilee,Sonia,1,isbn
/works/OL114967W,The Jungle,Konnor,1,isbn
/works/OL1810923W,Justice: A Reader,Sonia,1,isbn
/works/OL25922938W,Kaikeyi,Sonia,1,isbn
title:kamusal insan n cokusu|author:sennett,Kamusal İnsanın Çöküşü,Damla,1,unresolved
title:keeper of enchanted rooms|author:holmberg,"Keeper of Enchanted Rooms (Whimbrel House, #1)",Ellen,1,unresolved
/works/OL37586537W,Killed by a Traffic Engineer: Shattering the Delusion that Science Underlies Our Transportation System,Sonia,1,isbn
/works/OL19908W,Kim,Sonia,1,title_author
/works/OL35616W,Kindred,Jieyu,1,isbn
/works/OL42400898W,"King of Kings: The Iranian Revolution—A Story of Hubris, Delusion and Catastrophic Miscalculation",Jieyu,1,isbn
/works/OL21676651W,"Kingdom of the Wicked (Kingdom of the Wicked, #1)",Sonia,1,isbn
/works/OL5781992W,The Kite Runner,Becky,1,title_author
/works/OL45876580W,Kitten,Sonia,1,isbn
/works/OL36870164W,Knife: Meditations After an Attempted Murder,Jieyu,1,isbn
/works/OL42398143W,"The Knight and the Moth (The Stonewater Kingdom, #1)",Ellen,1,isbn
title:kreutzer sonata|author:tolstoy,The Kreutzer Sonata,Serena,1,unresolved
/works/OL26371478W,Kurt Kanunu,Damla,1,isbn
/works/OL26150863W,Köpeğiyle Dolaşan Kadın: Otuz Yedi Seçme Öykü,Damla,1,isbn
/works/OL9142194W,Küçük Ağa,Damla,1,isbn
/works/OL26214275W,Küçük Şeyler,Damla,1,title_author
/works/OL136670W,L'homme-Dieu ou le sens de la vie,Damla,1,isbn
title:l evenement|author:ernaux,L'Événement,Becky,1,unresolved
/works/OL24209691W,La Maison du Chat-qui-Pelote,Damla,1,isbn
/works/OL8381828W,La Vie de Marianne,Damla,1,isbn
/works/OL110959W,Labyrinths: Selected Stories & Other Writings,Sonia,1,isbn
/works/OL5703425W,The Ladies of Grace Adieu and Other Stories,Ellen,1,isbn
/works/OL31130116W,Lady Tan's Circle of Women,Ellen,1,isbn
/works/OL4274440W,The Lady Tasting Tea: How Statistics Revolutionized Science in the Twentieth Century,Jieyu,1,isbn
/works/OL45320729W,The Land and Its People,Jieyu,1,isbn
/works/OL25344430W,The Language Game: How Improvisation Created Language and Changed the World,Jieyu,1,isbn
title:last contract of isako|author:lee,The Last Contract of Isako,Sonia,1,unresolved
/works/OL7952998W,The Last Lecture,Jieyu,1,title_author
title:last list of mabel beaumont|author:pearson,The Last List of Mabel Beaumont (Mabel Beaumont #1),Ellen,1,unresolved
/works/OL44553081W,Last Rites,Konnor,1,isbn
/works/OL26416351W,"The League of Gentlewomen Witches (Dangerous Damsels, #2)",Ellen,1,isbn
title:legends lattes|author:baldree,"Legends & Lattes (Legends & Lattes, #1)",Ellen,1,unresolved
/works/OL2386305W,The Leopard,Sonia,1,isbn
/works/OL3051796W,Les Diaboliques,Damla,1,isbn
/works/OL20903170W,Lessons in Stoicism: What Ancient Philosophers Teach Us About How to Live,Jieyu,1,isbn
/works/OL893873W,"The Letters, 1830-1880",Jieyu,1,isbn
/works/OL19764617W,Letting Go: The Pathway To Surrender,Sonia,1,isbn
/works/OL2745581W,The Liars' Club,Sonia,1,isbn
/works/OL17836918W,The Library at Mount Char,Ellen,1,isbn
title:library at mt char|author:hawkins,The Library at Mt Char,Ellen,1,unresolved
/works/OL16810448W,"Life After Life (Todd Family, #1)",Sonia,1,isbn
/works/OL7998479W,Life Ascending: The Ten Great Inventions of Evolution,Damla,1,isbn
/works/OL10423422W,Life is Elsewhere,Jieyu,1,isbn
/works/OL19665622W,Life on the Edge: The Coming of Age of Quantum Biology,Sonia,1,isbn
/works/OL2628822W,"Life, Sex and Ideas: The Good Life Without God",Damla,1,isbn
/works/OL20128048W,Lifespan: Why We Age―and Why We Don't Have To,Konnor,1,isbn
title:lightguard|author:turner,"Lightguard (Daughter of Sun Duology, #1)",Ellen,1,unresolved
title:lightlark|author:aster,"Lightlark (Lightlark, #1)",Ellen,1,unresolved
/works/OL14992190W,The Lime Works,Serena,1,title_author
/works/OL37571667W,Limitarianism: The Case Against Extreme Wealth,Jieyu,1,isbn
/works/OL17635834W,Lincoln in the Bardo,Sonia,1,isbn
title:lion the deathless dark|author:broadbent,"The Lion & the Deathless Dark (Crowns of Nyaxia, #5)",Sonia,1,unresolved
/works/OL21995333W,"Little Thieves (Little Thieves, #1)",Ellen,1,isbn
title:little women|author:alcott,"Little Women (Little Women, #1)",Sonia,1,unresolved
/works/OL20294528W,Live a Little,Ellen,1,isbn
/works/OL12862894W,The Living Mountain,Jieyu,1,title_author
/works/OL24332817W,Lojman,Damla,1,title_author
/works/OL627084W,Lolita,Sonia,1,title_author
/works/OL45355526W,London Falling: A Mysterious Death in a Gilded City and a Family's Search for Truth,Jieyu,1,isbn
/works/OL16769202W,"The Long Earth (The Long Earth, #1)",Sonia,1,isbn
/works/OL37585362W,"Long Live Evil (Time of Iron, #1)",Ellen,1,isbn
/works/OL17854694W,Long Way Down,Jieyu,1,isbn
/works/OL5760039W,Long Way Round: Chasing Shadows Across the World,Konnor,1,isbn
/works/OL455327W,Lord of the Flies,Sonia,1,title_author
title:lorne the man who invented saturday night live|author:morrison,Lorne: The Man Who Invented Saturday Night Live,Jieyu,1,unresolved
title:loser|author:bernhard,The Loser,Sonia,1,unresolved
title:lost|author:durst,The Lost,Ellen,1,unresolved
/works/OL19652832W,Lost Boy: The True Story of Captain Hook,Ellen,1,isbn
/works/OL11930023W,The Lost City of Z: A Tale of Deadly Obsession in the Amazon,Ellen,1,isbn
/works/OL45015650W,Lost Lambs,Ellen,1,isbn
/works/OL14873315W,"The Lost Symbol (Robert Langdon, #3)",Ellen,1,isbn
/works/OL3171085W,The Lottery,Serena,1,title_author
/works/OL19976850W,"The Lotus Palace (The Pingkang Li Mysteries, #1)",Ellen,1,isbn
/works/OL24178205W,The Love Hypothesis,Sonia,1,isbn
/works/OL274518W,Love in the Time of Cholera,Konnor,1,isbn
/works/OL28803485W,"Love, Theoretically",Ellen,1,isbn
/works/OL6945563W,Lud-in-the-Mist,Ellen,1,isbn
/works/OL2680432W,Lying on the Couch,Jieyu,1,isbn
title:luzumsuz adam|author:k,Lüzumsuz Adam,Damla,1,unresolved
/works/OL27042824W,Mad Honey,Jieyu,1,isbn
/works/OL893707W,Madame Bovary,Jieyu,1,isbn
title:magic bites|author:andrews,"Magic Bites (Kate Daniels, #1)",Ellen,1,unresolved
/works/OL554687W,"Magician (The Riftwar Saga, #1-2)",Ellen,1,isbn
/works/OL554711W,"Magician: Apprentice (The Riftwar Saga, #1)",Ellen,1,isbn
title:magnus archives season 1|author:sims,"The Magnus Archives: Season 1 (Magnus Archives, #1)",Ellen,1,unresolved
/works/OL26405665W,Mahur Beste,Damla,1,isbn
title:make believe|author:barnett,Make Believe,Jieyu,1,unresolved
/works/OL3298691W,Making Votes Count: Strategic Coordination in the World's Electoral Systems (Political Economy of Institutions and Decisions) (Political Economy of Institutions and Decisions) (Volume 0),Konnor,1,isbn
/works/OL22135561W,Malibu Rising,Becky,1,isbn
/works/OL19347291W,"Malice (The Faithful and the Fallen, #1)",Sonia,1,isbn
/works/OL17392822W,Managing Death (Death Works Trilogy #2),Ellen,1,isbn
/works/OL24262555W,Manfred,Damla,1,isbn
/works/OL31013W,Manufacturing Consent: The Political Economy of the Mass Media,Konnor,1,isbn
/works/OL43301093W,Mark Twain,Jieyu,1,isbn
/works/OL17091839W,The Martian,Damla,1,isbn
/works/OL5069829W,The Master and His Emissary: The Divided Brain and the Making of the Western World,Jieyu,1,isbn
title:master and margarita wordsworth classics of mikhail bulgakov on 15 february 2011|author:barder,The Master and Margarita (Wordsworth Classics) of Mikhail Bulgakov on 15 February 2011,Ellen,1,unresolved
/works/OL25342555W,The Measure,Sonia,1,isbn
/works/OL37584288W,Meditations for Mortals: Four Weeks to Embrace Your Limitations and Make Time for What Counts,Jieyu,1,isbn
/works/OL26272492W,Memleket Hikâyeleri,Damla,1,isbn
/works/OL1856675W,Memoirs of a Geisha,Jieyu,1,isbn
/works/OL11690127W,The Memory Police,Meryl,1,isbn
/works/OL15292640W,Metamorphoses,Damla,1,isbn
/works/OL1952983W,Metaphors We Live By,Jieyu,1,isbn
/works/OL20759125W,Mexican Gothic,Ellen,1,isbn
/works/OL24546118W,"Mickey7 (Mickey7, #1)",Damla,1,isbn
/works/OL21858294W,"Middlegame (Alchemical Journeys, #1)",Sonia,1,isbn
/works/OL20867W,Middlemarch,Ellen,1,isbn
title:midnight blood|author:avoine,Midnight Blood,Ellen,1,unresolved
/works/OL20965973W,"The Midnight Library (The Midnight World, #1)",Ellen,1,isbn
/works/OL8003283W,Mind Children: The Future of Robot and Human Intelligence,Jieyu,1,isbn
/works/OL37571815W,The Ministry of Time,Ellen,1,isbn
/works/OL471990W,"The Mirror Crack'd From Side to Side (Miss Marple, #8)",Konnor,1,isbn
/works/OL45944985W,Misery's Wife,Ellen,1,isbn
/works/OL21907327W,Mission Economy: A Moonshot Guide to Changing Capitalism,Jieyu,1,isbn
/works/OL19913036W,"Mitosis (The Reckoners, #1.5)",Ellen,1,isbn
/works/OL26374052W,Modern Kültürde Çatışma,Damla,1,isbn
/works/OL21343635W,"Modern Love: True Stories of Love, Loss, and Redemption",Sonia,1,isbn
/works/OL527275W,Modernity and the Holocaust,Jieyu,1,isbn
/works/OL26270759W,Modernleşen Türkiye'nin Tarihi,Damla,1,isbn
/works/OL21407351W,The Monk,Serena,1,title_author
/works/OL39302088W,Mor,Damla,1,isbn
/works/OL37575014W,"Mortal Secrets: Freud, Vienna, and the Discovery of the Modern Mind",Jieyu,1,isbn
title:mother mary comes to me|author:roy,Mother Mary Comes to Me,Ellen,1,unresolved
/works/OL29183234W,"Motherhood on Ice: The Mating Gap and Why Women Freeze Their Eggs (Anthropologies of American Medicine: Culture, Power, and Practice, 10)",Jieyu,1,isbn
/works/OL21609841W,The Motion of the Body Through Space,Jieyu,1,isbn
/works/OL500919W,Movements in Art since 1945: Issues and Concepts,Damla,1,isbn
/works/OL28494357W,Movements of Thought in the Nineteenth Century,Damla,1,isbn
/works/OL39349W,Mrs. Dalloway,Konnor,1,isbn
/works/OL9848102W,Mudbound,Sonia,1,isbn
/works/OL24328383W,Murtaza,Damla,1,isbn
/works/OL25285805W,The Museum of Ordinary People,Becky,1,isbn
/works/OL20002065W,My Fight / Your Fight,Sonia,1,isbn
/works/OL1618182W,My First Summer in the Sierra,Konnor,1,isbn
/works/OL19913236W,"My Lady Jane (The Lady Janies, #1)",Ellen,1,isbn
title:my next breath|author:renner,My Next Breath,Jieyu,1,unresolved
/works/OL24522076W,My Remarkable Journey,Jieyu,1,isbn
/works/OL45871W,My Uncle Oswald,Anon 1,1,title_author
/works/OL17889978W,My Year of Rest and Relaxation,Serena,1,title_author
/works/OL695211W,The Mysteries of Udolpho,Serena,1,title_author
title:myth of sisyphus|author:camus,The Myth of Sisyphus,Jieyu,1,unresolved
/works/OL8091033W,The Myth of the Framework: In Defence of Science and Rationality,Damla,1,isbn
/works/OL258134W,Naked Lunch,Serena,1,title_author
/works/OL42406530W,The Names,Ellen,1,isbn
/works/OL2001056W,The Namesake,Sonia,1,isbn
/works/OL69178W,Narrative of the Life of Frederick Douglass,Konnor,1,isbn
/works/OL17064845W,The Narrow Road to the Deep North,Jieyu,1,title_author
/works/OL26346681W,Narziss ve Goldmund,Damla,1,isbn
/works/OL453807W,Nation,Ellen,1,isbn
/works/OL1161171W,Nausea,Damla,1,isbn
/works/OL44376145W,Nell O'Dell Hates Quests (The Golden Crossroads #1),Ellen,1,isbn
/works/OL24510090W,Nettle & Bone,Ellen,1,isbn
/works/OL98946W,Neurosis and Human Growth: The Struggle Towards Self-Realization,Jieyu,1,isbn
/works/OL479072W,Never Cry Wolf: The Amazing True Story of Life Among Arctic Wolves,Konnor,1,isbn
/works/OL15169845W,"Never Eat Alone: And Other Secrets to Success, One Relationship at a Time",Jieyu,1,isbn
/works/OL679333W,"Neverwhere (London Below, #1)",Ellen,1,isbn
/works/OL42394144W,The New Age of Sexism: How AI and Emerging Technologies Are Reinventing Misogyny,Jieyu,1,isbn
/works/OL69453W,The New Atlantis,Damla,1,isbn
title:new jim crow mass incarceration in the age of colorblindness|author:alexander,The New Jim Crow: Mass Incarceration in the Age of Colorblindness,Jieyu,1,unresolved
/works/OL37826293W,Nexus: A Brief History of Information Networks from the Stone Age to AI,Jieyu,1,isbn
/works/OL14856842W,Night,Sonia,1,isbn
/works/OL20649930W,The Night Watchman,Sonia,1,isbn
/works/OL3335290W,Nine Stories,Jieyu,1,isbn
/works/OL20197660W,"Ninth House (Ninth House Trilogy, #1)",Ellen,1,isbn
/works/OL37478751W,No Exit,Sonia,1,isbn
title:no longer human|author:dazai,No Longer Human,Becky,1,unresolved
/works/OL43540519W,No More Tears: The Dark Secrets of Johnson & Johnson,Jieyu,1,isbn
title:no visible bruises what we don t know about domestic violence can kill us|author:snyder,No Visible Bruises: What We Don’t Know About Domestic Violence Can Kill Us,Jieyu,1,unresolved
/works/OL44269610W,Nobody's Girl: A Memoir of Surviving Abuse and Fighting for Justice,Jieyu,1,isbn
/works/OL6221045W,Noise/Music: A History,Damla,1,isbn
/works/OL3457531W,The Noonday Demon: An Atlas of Depression,Jieyu,1,isbn
/works/OL20150260W,Normal People,Sonia,1,isbn
/works/OL34028309W,North Woods,Jieyu,1,title_author
/works/OL21025633W,Notes from Underground,Sonia,1,isbn
/works/OL25338021W,Notes on an Execution,Ellen,1,isbn
/works/OL24494910W,Notes on Grief,Jieyu,1,isbn
/works/OL25814731W,Notes on Heartbreak,Serena,1,title_author
/works/OL2862977W,The Number Sense: How the Mind Creates Mathematics,Jieyu,1,isbn
/works/OL26446888W,Odyssey,Anon 1,1,title_only
/works/OL61982W,The Odyssey,Damla,1,isbn
/works/OL43861W,"Oedipus Rex (The Theban Plays, #1)",Damla,1,isbn
title:of blood and aether|author:hawthorne,Of Blood and Aether (Harbingers #1),Ellen,1,unresolved
title:of blood and fire|author:cahill,"Of Blood and Fire (The Bound and the Broken, #1)",Ellen,1,unresolved
/works/OL42550567W,Of Flame and Fury,Ellen,1,isbn
/works/OL7986624W,Of Man,Damla,1,isbn
/works/OL3948844W,Of Molecules and Men,Sonia,1,isbn
/works/OL2970042W,Old School,Ellen,1,title_author
/works/OL8193478W,Oliver Twist,Konnor,1,title_author
/works/OL3296483W,The Omnivore's Dilemma: A Natural History of Four Meals,Jieyu,1,isbn
/works/OL3506034W,On Aggression,Jieyu,1,isbn
/works/OL2354102W,On Becoming a Person: A Therapist's View of Psychotherapy,Jieyu,1,isbn
/works/OL20494296W,On Palestine,Konnor,1,isbn
/works/OL17710110W,On Tyranny: Twenty Lessons from the Twentieth Century,Konnor,1,isbn
title:on wings of blood|author:boleyn,"On Wings of Blood (Bloodwing Academy, #1)",Ellen,1,unresolved
/works/OL20868274W,The Once and Future Witches,Ellen,1,isbn
/works/OL24706481W,"Once Upon a Broken Heart (Once Upon a Broken Heart, #1)",Ellen,1,isbn
/works/OL27085874W,Once Upon a Tome: The Misadventures of a Rare Bookseller,Ellen,1,isbn
/works/OL25468077W,"One Dark Window (The Shepherd King, #1)",Ellen,1,isbn
/works/OL2944469W,One Flew Over the Cuckoo’s Nest,Sonia,1,title_author
/works/OL37569403W,"One Step Sideways, Three Steps Forward: One Woman’s Path to Becoming a Biologist",Jieyu,1,isbn
/works/OL41943074W,"Onyx Storm (The Empyrean, #3)",Ellen,1,isbn
/works/OL16813636W,Operation Paperclip: The Secret Intelligence Program that Brought Nazi Scientists to America,Sonia,1,isbn
/works/OL25957819W,"Ordinary Monsters (The Talents Trilogy, #1)",Ellen,1,isbn
title:origin|author:brown,"Origin (Robert Langdon, #5)",Ellen,1,unresolved
/works/OL42832388W,Original Sins: The (Mis)education of Black and Native Children and the Construction of American Racism,Jieyu,1,isbn
/works/OL10460640W,The Origins of Totalitarianism,Jieyu,1,title_author
title:ornithologist s field guide to love|author:holton,"The Ornithologist's Field Guide to Love (Love's Academic, #1)",Ellen,1,unresolved
/works/OL20659166W,The Other Bennet Sister,Becky,1,isbn
/works/OL24831204W,Otherlands: A Journey Through Earth's Extinct Worlds,Jieyu,1,isbn
/works/OL482841W,Our Town,Konnor,1,isbn
/works/OL25323647W,Our Wives Under the Sea,Sonia,1,isbn
/works/OL20140625W,Over the Top: A Raw Journey to Self-Love,Jieyu,1,isbn
/works/OL19074847W,The Overstory,Sonia,1,isbn
/works/OL20920004W,Owls of the Eastern Ice: A Quest to Find and Save the World's Largest Owl,Jieyu,1,isbn
/works/OL25268311W,The Painful Truth: The New Science of Why We Hurt and How We can Heal,Jieyu,1,isbn
/works/OL3515581W,Painting and Experience in Fifteenth-Century Italy: A Primer in the Social History of Pictorial Style,Damla,1,isbn
title:paladin s grace|author:kingfisher,"Paladin's Grace (The Saint of Steel, #1)",Ellen,1,unresolved
/works/OL627081W,Pale Fire,Sonia,1,title_author
/works/OL24326622W,Pandora's Jar: Women in the Greek Myths,Sonia,1,isbn
/works/OL11458282W,Pantagruel,Damla,1,isbn
/works/OL5044993W,Panzram: A Journal of Murder,Jieyu,1,isbn
/works/OL35623W,"Parable of the Sower (Earthseed, #1)",Jieyu,1,isbn
/works/OL19764418W,Paradise Rot,Serena,1,title_author
/works/OL24865656W,"Part of Your World (Part of Your World, #1)",Ellen,1,isbn
/works/OL16803831W,The Particle at the End of the Universe: How the Hunt for the Higgs Boson Leads Us to the Edge of a New World,Sonia,1,isbn
/works/OL15168504W,The Particular Sadness of Lemon Cake,Ellen,1,isbn
/works/OL22561936W,The Past Is Red,Meryl,1,isbn
title:pastel orphans|author:liviero,Pastel Orphans,Sonia,1,unresolved
title:pavil in sureti|author:perrodeau,Pavil'in Sureti,Damla,1,unresolved
/works/OL1922990W,"Pawn of Prophecy (The Belgariad, #1)",Ellen,1,isbn
/works/OL7966118W,The Pearl,Konnor,1,isbn
/works/OL19111131W,The People in the Trees,Ellen,1,isbn
/works/OL20128926W,Permission to Feel: The Power of Emotional Intelligence to Achieve Well-Being and Success,Konnor,1,isbn
/works/OL115336W,Permutation City,Sonia,1,isbn
/works/OL3906363W,"The Persian Boy (Alexander the Great, #2)",Sonia,1,isbn
/works/OL3353250W,Personal History: A Memoir,Jieyu,1,isbn
/works/OL29954624W,The Phantom of the Opera,Serena,1,title_author
/works/OL37614065W,The Phoenix Keeper,Ellen,1,isbn
/works/OL34024594W,"The Phoenix King (The Ravence Trilogy, #1)",Ellen,1,isbn
/works/OL1914022W,"The Pillars of the Earth (Kingsbridge, #1)",Sonia,1,isbn
/works/OL20893680W,Piranesi,Becky,1,title_author
/works/OL500177W,Play It As It Lays,Sonia,1,isbn
/works/OL1180581W,Poetics of Music in the Form of Six Lessons,Damla,1,isbn
/works/OL19351054W,"The Poppy War (The Poppy War, #1)",Ellen,1,isbn
title:posta kutusundaki m z ka|author:ural,Posta Kutusundaki Mızıka,Damla,1,unresolved
/works/OL1003017W,The Posthumous Memoirs of Brás Cubas,Sonia,1,isbn
/works/OL14865995W,The Power of Art,Damla,1,isbn
title:powerless|author:roberts,"Powerless (The Powerless Trilogy, #1)",Ellen,1,unresolved
/works/OL112716W,The Present Age,Damla,1,isbn
/works/OL17913815W,The President Is Missing,Ellen,1,title_author
/works/OL66554W,Pride and Prejudice,Meryl,1,title_author
/works/OL2097683W,Primeval and Other Times,Jieyu,1,isbn
/works/OL1089297W,The Prince,Sonia,1,isbn
title:prince of foxes|author:macfarlane,Prince of Foxes (Bright Spear Trilogy #1),Ellen,1,unresolved
title:princess floralinda and the forty flight tower|author:muir,Princess Floralinda and the Forty-Flight Tower,Ellen,1,unresolved
/works/OL1066805W,Principles of Human Knowledge / Three Dialogues Between Hylas and Philonous,Damla,1,isbn
/works/OL22011552W,"The Prison Healer (The Prison Healer, #1)",Ellen,1,isbn
/works/OL1840019W,"The Professor and the Madman: A Tale of Murder, Insanity and the Making of the Oxford English Dictionary",Damla,1,isbn
/works/OL24607590W,Projections: A Story of Human Emotions,Jieyu,1,isbn
/works/OL408063W,Prolegomena to Any Future Metaphysics,Damla,1,isbn
/works/OL14853460W,Prometheus Unbound,Damla,1,isbn
/works/OL318900W,The Prophet,Konnor,1,isbn
title:psychology of money timeless lessons on wealth greed and happiness|author:housel,"The Psychology of Money: Timeless Lessons on Wealth, Greed, and Happiness",Jieyu,1,unresolved
/works/OL16810542W,Puslu Kıtalar Atlası,Damla,1,isbn
/works/OL34097279W,Putting Ourselves Back in the Equation: Why Physicists Are Studying Human Consciousness and AI to Unravel the Mysteries of the Universe,Sonia,1,isbn
/works/OL27593167W,Queer Little Nightmares,Ellen,1,isbn
/works/OL16484595W,Quiet: The Power of Introverts in a World That Can't Stop Talking,Jieyu,1,isbn
/works/OL20692433W,Race the Sands,Sonia,1,isbn
/works/OL37927624W,Raising Hare: A Memoir,Jieyu,1,isbn
/works/OL6409898W,Rape: The Price of Coercive Sexuality,Damla,1,isbn
/works/OL37863299W,Rat City: Overcrowding and Urban Derangement in the Rodent Universes of John B. Calhoun,Jieyu,1,isbn
/works/OL273551W,The Raven and Other Poems,Damla,1,isbn
title:raven and the reindeer|author:kingfisher,The Raven and the Reindeer,Sonia,1,unresolved
/works/OL17557879W,"The Raven Boys (The Raven Cycle, #1)",Ellen,1,isbn
/works/OL20745722W,"Raybearer (Raybearer, #1)",Ellen,1,isbn
/works/OL15936512W,"Ready Player One (Ready Player One, #1)",Damla,1,isbn
title:reality is not what it seems|author:rovelli,Reality is Not What it Seems,Sonia,1,unresolved
/works/OL42422479W,"Realm of Ice and Sky: Triumph, Tragedy, and History's Greatest Arctic Rescue",Jieyu,1,isbn
/works/OL1526193W,The Realm of the Nebulae,Sonia,1,isbn
title:rebel witch|author:ciccarelli,"Rebel Witch (The Crimson Moth, #2)",Ellen,1,unresolved
/works/OL1230600W,The Rebel: An Essay on Man in Revolt,Sonia,1,isbn
/works/OL28847212W,Recoding America: Why Government Is Failing in the Digital Age and How We Can Do Better,Konnor,1,isbn
/works/OL3412512W,The Recognitions,Sonia,1,isbn
/works/OL20073906W,Recursion,Sonia,1,isbn
/works/OL23197W,The Red Pony,Konnor,1,isbn
/works/OL20847868W,The Redemption of Time,Sonia,1,isbn
/works/OL496469W,Regarding the Pain of Others,Damla,1,isbn
/works/OL16681272W,Regenesis: How Synthetic Biology Will Reinvent Nature and Ourselves,Sonia,1,isbn
/works/OL45361467W,Regime Change: Inside the Imperial Presidency of Donald Trump,Konnor,1,isbn
/works/OL24319156W,"Reign & Ruin (Mages of the Wheel, #1)",Ellen,1,isbn
/works/OL3493379W,"Reinventing the Sacred: A New View of Science, Reason, and Religion",Sonia,1,isbn
/works/OL37625451W,Rejection,Becky,1,isbn
/works/OL24315297W,Release,Sonia,1,isbn
/works/OL24760401W,Renegades: Born in the USA,Konnor,1,isbn
/works/OL42560428W,Replaceable You: Adventures in Human Anatomy,Jieyu,1,isbn
title:requiem for the american dream the 10 principles of concentration of wealth power|author:chomsky,Requiem for the American Dream: The 10 Principles of Concentration of Wealth & Power,Konnor,1,unresolved
/works/OL8005585W,Rhythms of the Brain,Jieyu,1,isbn
/works/OL26368814W,Richard Wagner Bayreuth'da,Damla,1,isbn
/works/OL25294356W,The Right to Sex: Feminism in the Twenty-First Century,Sonia,1,isbn
title:righteous mind why good people are divided by politics and religion|author:haidt,The Righteous Mind: Why Good People Are Divided by Politics and Religion,Konnor,1,unresolved
/works/OL37628649W,"River East, River West",Sonia,1,isbn
/works/OL42425109W,The River Has Roots,Ellen,1,isbn
/works/OL42426132W,The Road to Tender Hearts,Jieyu,1,isbn
/works/OL45089W,Robinson Crusoe,Konnor,1,title_author
/works/OL59850W,Rocannon’s World,Meryl,1,isbn
/works/OL21171268W,The Rose Code,Ellen,1,isbn
/works/OL2628761W,"Sabriel (Abhorsen, #1)",Ellen,1,isbn
/works/OL45262818W,The Sailor Who Fell from Grace with the Sea,Serena,1,title_author
/works/OL14877882W,Salomé,Damla,1,isbn
/works/OL24864153W,Salt to the Sea,Sonia,1,title_author
/works/OL16026786W,Salt: A World History,Sonia,1,isbn
/works/OL26253523W,Sanatta Ruhsallık Üzerine,Damla,1,title_author
/works/OL19979112W,"Sand (The Sand Chronicles, #1)",Sonia,1,isbn
title:sapiens a brief history of humankind|author:harari,Sapiens: A Brief History of Humankind,Jieyu,1,unresolved
/works/OL37859079W,"Say It Well: Find Your Voice, Speak Your Mind, Inspire Any Audience",Konnor,1,isbn
/works/OL20153382W,Say Nothing: A True Story of Murder and Memory in Northern Ireland,Jieyu,1,isbn
/works/OL5098597W,Science: The Endless Frontier,Konnor,1,isbn
/works/OL24731706W,Sea of Tranquility,Meryl,1,isbn
/works/OL19753342W,Sea Prayer,Sonia,1,isbn
/works/OL42449531W,The Secret Book Society,Jieyu,1,isbn
/works/OL4321141W,The Secret History,Sonia,1,isbn
/works/OL20996308W,The Secret Lives of Church Ladies,Ellen,1,isbn
/works/OL25338025W,The Secret Perfume of Birds: Uncovering the Science of Avian Scent,Jieyu,1,isbn
/works/OL42553379W,The Secret Romantic’s Book of Magic,Ellen,1,title_author
/works/OL4748720W,The Selected Poetry,Damla,1,isbn
title:semaver|author:k,Semaver,Damla,1,unresolved
/works/OL66562W,Sense and Sensibility,Ellen,1,isbn
/works/OL17198080W,The Sense of Style: The Thinking Person's Guide to Writing in the 21st Century,Jieyu,1,isbn
/works/OL28455975W,"Sensitive: The Hidden Power of the Highly Sensitive Person in a Loud, Fast, Too-Much World",Jieyu,1,isbn
/works/OL26365187W,Sergüzeşt,Damla,1,isbn
/works/OL31495975W,The Setting Sun,Serena,1,title_author
/works/OL24695160W,Seven Days in June,Ellen,1,title_author
/works/OL29332742W,The Seven Year Slip,Ellen,1,title_author
/works/OL16547544W,"Shadow of Night (All Souls, #2)",Ellen,1,isbn
/works/OL21692763W,"The Shadow of the Gods (The Bloodsworn Saga, #1)",Ellen,1,isbn
/works/OL2424280W,The Shadow of the Sun,Jieyu,1,isbn
title:shadow of the wind|author:zafon,"The Shadow of the Wind (The Cemetery of Forgotten Books, #1)",Ellen,1,unresolved
title:shanzhai deconstruction in chinese|author:han,Shanzhai: Deconstruction in Chinese,Sonia,1,unresolved
/works/OL31088287W,Shark Heart,Ellen,1,isbn
/works/OL5842018W,Sharp Objects,Serena,1,title_author
/works/OL4111159W,Shattered Assumptions,Jieyu,1,isbn
/works/OL24184009W,"She Who Became the Sun (The Radiant Emperor, #1)",Ellen,1,isbn
/works/OL42483262W,"Shield of Sparrows (Shield of Sparrows, #1)",Ellen,1,isbn
/works/OL2707209W,"Ship of Magic (Liveship Traders, #1)",Ellen,1,isbn
/works/OL17825802W,Shoe Dog: A Memoir by the Creator of Nike,Sonia,1,isbn
/works/OL20896403W,"Shōgun (Asian Saga, #1)",Ellen,1,isbn
/works/OL37563910W,"The Silverblood Promise (The Last Legacy, #1)",Ellen,1,isbn
/works/OL45983119W,"Silvercloak (The Silvercloak Saga, #1)",Ellen,1,isbn
/works/OL19957290W,The Silvered,Sonia,1,isbn
/works/OL26271166W,Sinekli Bakkal,Damla,1,isbn
/works/OL17826879W,"Sing, Unburied, Sing",Sonia,1,title_author
/works/OL37762518W,Sisters in Science,Becky,1,isbn
title:six scorched roses|author:broadbent,"Six Scorched Roses (Crowns of Nyaxia, #1.5)",Sonia,1,unresolved
/works/OL28019899W,The Six: The Untold Story of America's First Women Astronauts,Jieyu,1,isbn
/works/OL16820830W,The Sixth Extinction: An Unnatural History,Becky,1,isbn
/works/OL35695706W,The Sleep Book: How to Sleep Well Every Night,Sonia,1,isbn
/works/OL24520261W,The Sleeping Beauties: And Other Stories of Mystery Illness,Jieyu,1,isbn
/works/OL19347030W,"Sleeping Giants (Themis Files, #1)",Sonia,1,isbn
/works/OL18144320W,Small Fry: A Memoir,Sonia,1,isbn
/works/OL453697W,"Small Gods (Discworld, #13)",Ellen,1,isbn
/works/OL2916816W,Small World: An Academic Romance,Jieyu,1,isbn
/works/OL2045111W,Snow Country,Sonia,1,isbn
/works/OL9450331W,The Snowball: Warren Buffett and the Business of Life,Konnor,1,isbn
/works/OL31146632W,Social Justice Fallacies,Jieyu,1,isbn
/works/OL42404689W,The Society of Unknowable Objects,Ellen,1,isbn
/works/OL109524W,Solaris,Serena,1,title_author
/works/OL27023506W,Solito,Becky,1,isbn
/works/OL1841423W,Someday This Pain Will Be Useful to You,Serena,1,title_author
/works/OL44584989W,"Somewhere Beyond the Sea (Cerulean Chronicles, #2)",Ellen,1,isbn
/works/OL50564W,Song of Solomon,Sonia,1,title_author
/works/OL37831361W,"Sorcery and Small Magics (The Wildersongs Trilogy, #1)",Ellen,1,isbn
/works/OL19795390W,"Sorcery of Thorns (Sorcery of Thorns, #1)",Ellen,1,isbn
/works/OL21903024W,Soulswift,Sonia,1,isbn
/works/OL82870W,The Sound and the Fury,Sonia,1,title_author
title:sound of waves|author:mishima,The Sound of Waves,Sonia,1,unresolved
/works/OL25904440W,The Spear Cuts Through Water,Ellen,1,isbn
title:spellbreaker|author:holmberg,"Spellbreaker (Spellbreaker Duology, #1)",Ellen,1,unresolved
title:spilled milk based on a true story|author:randis,Spilled Milk: Based on a True Story,Jieyu,1,unresolved
/works/OL19145737W,Spinning Silver,Jieyu,1,title_author
/works/OL453554W,The Spirit of the Laws,Damla,1,isbn
/works/OL17592859W,Stamped from the Beginning: The Definitive History of Racist Ideas in America,Jieyu,1,isbn
/works/OL20652384W,"Stamped: Racism, Antiracism, and You",Jieyu,1,isbn
/works/OL81618W,The Stand,Sonia,1,title_author
/works/OL20416941W,The Starless Sea,Ellen,1,isbn
/works/OL34116011W,Starling House,Ellen,1,isbn
title:stationmaster s cottage|author:clark,The Stationmaster's Cottage,Ellen,1,unresolved
/works/OL15152933W,Status Anxiety,Jieyu,1,isbn
/works/OL20769490W,Stay Sexy & Don't Get Murdered: The Definitive How-To Guide,Jieyu,1,isbn
/works/OL28319W,The Stepford Wives,Sonia,1,isbn
/works/OL872773W,Steppenwolf,Jieyu,1,isbn
/works/OL104658W,Steps,Serena,1,title_author
/works/OL28088268W,Stone Blind,Ellen,1,isbn
/works/OL6216050W,Stories of Your Life and Others,Sonia,1,isbn
/works/OL8032274W,"Storm Glass (Glass, #1)",Ellen,1,isbn
title:story of a body|author:pennac,The Story of a Body,Serena,1,unresolved
/works/OL863326W,The Story of Modern Art,Damla,1,isbn
/works/OL1340448W,The Story of the Trapp Family Singers: The Classic Memoir of a Musical Family,Becky,1,isbn
/works/OL24520833W,Strange Beasts of China,Ellen,1,isbn
/works/OL24156W,The Strange Case of Dr. Jekyll and Mr. Hyde and Other Tales of Terror,Damla,1,isbn
title:strange familiars|author:chow,"Strange Familiars (Seamere College, #1)",Ellen,1,unresolved
/works/OL5769591W,Strangers,Serena,1,title_author
/works/OL44815782W,Strangers: A Memoir of Marriage,Jieyu,1,isbn
/works/OL1394578W,Style and Idea: Selected Writings of Arnold Schoenberg,Damla,1,isbn
title:subtle knife|author:pullman,"The Subtle Knife (His Dark Materials, #2)",Ellen,1,unresolved
/works/OL1308096W,Suite Française,Serena,1,title_author
/works/OL50567W,Sula,Ellen,1,isbn
title:summer in the city|author:aster,Summer in the City,Ellen,1,unresolved
/works/OL42448979W,The Summer War,Ellen,1,isbn
/works/OL19732648W,The Sun Does Shine: How I Found Life and Freedom on Death Row,Konnor,1,isbn
/works/OL37564042W,Supercommunicators: How to Unlock the Secret Language of Connection,Jieyu,1,isbn
/works/OL45906187W,The Swan's Daughter,Ellen,1,isbn
/works/OL34029612W,"Sword Catcher (The Chronicles of Castellane, #1)",Ellen,1,isbn
title:swordheart|author:kingfisher,"Swordheart (Swordheart, #1)",Ellen,1,unresolved
/works/OL24323761W,Sıradan Zaferler (Le combat ordinaire #1-4),Damla,1,isbn
/works/OL37628730W,"The Tainted Cup (Ana and Din Mysteries, #1)",Ellen,1,isbn
title:talented mr ripley|author:highsmith,"The Talented Mr. Ripley (Ripley, #1)",Becky,1,unresolved
/works/OL19749017W,The Tangled Tree: A Radical New History of Life,Sonia,1,isbn
title:tannhauser a dramatic poem 1906|author:wagner,Tannhauser: A Dramatic Poem (1906),Damla,1,unresolved
/works/OL6090876W,Tattoo,Serena,1,title_author
title:tea alchemy|author:fisher,Tea & Alchemy,Ellen,1,unresolved
/works/OL41059W,The Tell-Tale Heart and Other Writings,Sonia,1,isbn
/works/OL528199W,Tembellik Hakkı,Damla,1,isbn
title:tempest|author:aveyard,"Tempest (The Lyrian Sea, #1)",Ellen,1,unresolved
/works/OL1845333W,The Temple of the Golden Pavilion,Ellen,1,isbn
/works/OL20074045W,The Ten Thousand Doors of January,Sonia,1,isbn
/works/OL16599873W,Tenth of December,Sonia,1,isbn
/works/OL1963316W,The Terror,Jieyu,1,isbn
/works/OL27778127W,Their Eyes Were Watching God,Sonia,1,isbn
/works/OL36475397W,Theo of Golden,Ellen,1,isbn
/works/OL2185912W,Theory of the Avant-Garde,Damla,1,isbn
/works/OL16059512W,"The Theory That Would Not Die: How Bayes' Rule Cracked the Enigma Code, Hunted Down Russian Submarines, and Emerged Triumphant from Two Centuries of Controversy",Sonia,1,isbn
/works/OL37860936W,There Are Rivers in the Sky,Ellen,1,isbn
/works/OL24726867W,There Is No Antimemetics Division,Sonia,1,title_author
/works/OL18143930W,There There,Konnor,1,title_author
title:these immortal truths|author:raeta,"These Immortal Truths (Peaches & Honey, #1)",Ellen,1,unresolved
/works/OL26602239W,These Impossible Things,Jieyu,1,isbn
/works/OL14872532W,"The Thief (The Queen's Thief, #1)",Ellen,1,isbn
/works/OL42429940W,Things in Nature Merely Grow,Meryl,1,isbn
/works/OL20153588W,Things My Son Needs to Know About the World,Anon 1,1,title_author
/works/OL26955716W,"Things We Never Got Over (Knockemout, #1)",Jieyu,1,isbn
/works/OL44679187W,The Things We Never Say,Ellen,1,isbn
/works/OL22484556W,Think Again: The Power of Knowing What You Don't Know,Konnor,1,isbn
/works/OL37885098W,The Third Gilmore Girl: A Memoir,Jieyu,1,isbn
/works/OL19859295W,This Is How You Lose the Time War,Ellen,1,title_author
/works/OL23527042W,This Is Your Mind on Plants,Konnor,1,isbn
/works/OL45020612W,"This Kingdom Will Not Kill Me (Maggie the Undying, #1)",Ellen,1,isbn
/works/OL468488W,This Side of Paradise,Meryl,1,isbn
/works/OL27245489W,Thistlefoot,Ellen,1,isbn
/works/OL1882556W,The Thorn Birds,Sonia,1,title_author
/works/OL28866618W,Thornhedge,Ellen,1,isbn
/works/OL17496249W,"Through the Ever Night (Under the Never Sky, #2)",Ellen,1,isbn
title:ties lacci|author:starnone,Ties (Lacci),Serena,1,unresolved
/works/OL8719221M,The Time Regulation Institute,Damla,1,isbn
/works/OL15845535W,"Time, Love, Memory: A Great Biologist and His Quest for the Origins of Behavior",Jieyu,1,isbn
title:tinker tailor soldier spy|author:carre,"Tinker, Tailor, Soldier, Spy (George Smiley, #5; Karla Trilogy, #1)",Sonia,1,unresolved
title:tipping point how little things can make a big difference|author:gladwell,The Tipping Point: How Little Things Can Make a Big Difference,Jieyu,1,unresolved
/works/OL3140822W,To Kill a Mockingbird,Damla,1,isbn
title:to live|author:hua,To Live,Serena,1,unresolved
/works/OL24320316W,Tol,Damla,1,isbn
/works/OL26004554W,"Tomorrow, and Tomorrow, and Tomorrow",Serena,1,title_author
/works/OL16027047W,The Total Money Makeover: A Proven Plan for Financial Fitness,Jieyu,1,isbn
/works/OL1410381W,Tractatus Logico-Philosophicus,Jieyu,1,isbn
title:trail of broken wings|author:badani,Trail of Broken Wings,Sonia,1,unresolved
/works/OL17877492W,"The Traitor Baru Cormorant (The Masquerade, #1)",Sonia,1,isbn
/works/OL20760225W,Transcendent Kingdom,Jieyu,1,title_author
title:transitions|author:statovci,The Transitions,Serena,1,unresolved
/works/OL23192W,Travels with Charley: In Search of America,Konnor,1,isbn
/works/OL24034W,Treasure Island,Konnor,1,isbn
title:trial|author:kafka,The Trial,Serena,1,unresolved
/works/OL12627441W,The Trinity of Fundamentals,Konnor,1,isbn
/works/OL21652953W,The Triumph of Injustice: How the Rich Dodge Taxes and How to Make Them Pay,Konnor,1,isbn
/works/OL19975844W,"The Tropic of Serpents (The Memoirs of Lady Trent, #2)",Ellen,1,isbn
/works/OL37612351W,"Troubled: A Memoir of Foster Care, Family, and Social Class",Konnor,1,isbn
/works/OL1822313W,Tuesdays with Morrie,Serena,1,title_author
/works/OL78871W,Twelve Years a Slave,Konnor,1,isbn
/works/OL880131W,Two Treatises of Government and A Letter Concerning Toleration,Damla,1,isbn
/works/OL42428485W,Typewriter Beach,Becky,1,isbn
/works/OL27816125W,Ultra-Processed People: The Science Behind Food That Isn't Food,Becky,1,isbn
/works/OL1069503W,The Uncanny,Damla,1,isbn
/works/OL152161W,Uncle Tom’s Cabin,Konnor,1,title_author
/works/OL22857877W,Under a White Sky: The Nature of the Future,Jieyu,1,isbn
title:under the trestle the 1980 disappearance of gina renee hall virginia s first no body murder trial|author:jr,Under the Trestle: The 1980 Disappearance of Gina Renee Hall & Virginia’s First “No Body” Murder Trial.,Jieyu,1,unresolved
/works/OL20862021W,Under the Whispering Door,Ellen,1,isbn
/works/OL71716W,Understanding Power: The Indispensable Chomsky,Konnor,1,isbn
/works/OL18347891W,Undoing the Demos: Neoliberalism’s Stealth Revolution (Near Futures #4),Jieyu,1,isbn
title:unlikely partners chinese reformers western economists and the making of global china|author:gewirtz,"Unlikely Partners: Chinese Reformers, Western Economists, and the Making of Global China",Jieyu,1,unresolved
title:unmagical life of briar jones|author:croucher,The Unmagical Life of Briar Jones,Ellen,1,unresolved
/works/OL34051088W,The Unmaking of June Farrow,Ellen,1,isbn
title:unnamed|author:masood,"The Unnamed (The Book of Names Duology, #1)",Ellen,1,unresolved
/works/OL25785668W,"The Unselected Journals of Emma M. Lion, Vol. 1 (The Unselected Journals of Emma M. Lion #1)",Becky,1,isbn
title:unshrinking how to face fatphobia|author:manne,Unshrinking: How to Face Fatphobia,Jieyu,1,unresolved
/works/OL27893286W,Untethered Sky,Sonia,1,isbn
/works/OL17345493W,Uprooted,Ellen,1,isbn
/works/OL17725487W,Vagina: A New Biography,Damla,1,isbn
/works/OL22033770W,"The Veiled Throne (The Dandelion Dynasty, #3)",Sonia,1,isbn
/works/OL20068530W,Verity,Jieyu,1,title_author
/works/OL28775218W,The Very Secret Society of Irregular Witches,Ellen,1,isbn
/works/OL11465755W,The Village of Stepanchikovo,Damla,1,isbn
/works/OL2636662W,Vineland,Konnor,1,isbn
/works/OL19663289W,"The Vital Question: Energy, Evolution, and the Origins of Complex Life",Damla,1,isbn
/works/OL26343646W,Vurun Kahpeye,Damla,1,isbn
/works/OL14557W,Waiting,Sonia,1,isbn
title:waiting for godot|author:beckett,Waiting for Godot,Sonia,1,unresolved
/works/OL19800226W,Waiting on a Bright Moon,Sonia,1,isbn
/works/OL19913471W,"The Waking Fire (The Draconis Memoria, #1)",Ellen,1,isbn
/works/OL44142169W,"Walden or, Life in the Woods",Konnor,1,title_author
title:war and peace pevear and volokhonsky trans|author:tolstoy,"War and Peace, Pevear and Volokhonsky trans.",Sonia,1,unresolved
/works/OL19747355W,The War on Normal People: The Truth About America's Disappearing Jobs and Why Universal Basic Income Is Our Future,Jieyu,1,isbn
/works/OL42410303W,Water Moon,Ellen,1,isbn
/works/OL1980231W,Ways of Seeing,Sonia,1,isbn
/works/OL42538414W,We Don't Talk About Carol,Jieyu,1,isbn
/works/OL3171087W,We Have Always Lived in the Castle,Ellen,1,isbn
/works/OL17319838W,We Should All Be Feminists,Damla,1,title_author
title:we solve murders|author:osman,"We Solve Murders (We Solve Murders, #1)",Damla,1,unresolved
/works/OL42560511W,We the People: A History of the U.S. Constitution,Jieyu,1,isbn
/works/OL17840708W,Weapons of Math Destruction: How Big Data Increases Inequality and Threatens Democracy,Sonia,1,isbn
/works/OL453748W,"The Wee Free Men (Discworld, #30; Tiffany Aching, #1)",Becky,1,isbn
/works/OL71133W,"The Weight of Glory, and Other Addresses",Sonia,1,isbn
/works/OL5738150W,"The Well of Ascension (Mistborn, #2)",Ellen,1,isbn
/works/OL9740783W,Wesley the Owl: The Remarkable Love Story of an Owl and His Girl,Jieyu,1,isbn
/works/OL27413855W,Weyward,Ellen,1,isbn
/works/OL29214819W,What an Owl Knows: The New Science of the World's Most Enigmatic Birds,Jieyu,1,isbn
title:what i talk about when i talk about running|author:murakami,What I Talk About When I Talk About Running,Sonia,1,unresolved
/works/OL15281290W,What Is the Good Life?,Damla,1,isbn
/works/OL3948849W,What Mad Pursuit: A Personal View of Scientific Discovery,Sonia,1,isbn
/works/OL16451683W,What Money Can't Buy: The Moral Limits of Markets,Sonia,1,isbn
title:what we can know|author:mcewan,What We Can Know,Ellen,1,unresolved
/works/OL37857078W,"When Among Crows (Curse Bearer, #1)",Ellen,1,isbn
/works/OL17356252W,When Breath Becomes Air,Becky,1,isbn
title:when the forest breathes renewal and resilience in the natural world|author:simard,When the Forest Breathes: Renewal and Resilience in the Natural World,Jieyu,1,unresolved
title:when the moon hatched|author:parker,"When the Moon Hatched (Moonfall, #1)",Ellen,1,unresolved
/works/OL20922686W,When the Sky Fell on Splendor,Ellen,1,title_author
/works/OL21909046W,"When the Tempest Gathers: From Mogadishu to the Fight Against ISIS, a Marine Special Operations Commander at War",Konnor,1,isbn
/works/OL25987949W,When Women Were Dragons,Ellen,1,isbn
/works/OL40422939W,When You're Food: Raw: A Fighter’s View of Predatory Aggression: The Forever Autumn Press Edition,Konnor,1,isbn
/works/OL8262105W,The White Album,Sonia,1,isbn
/works/OL74504W,White Fang,Sonia,1,title_author
/works/OL1921196W,White Noise,Becky,1,isbn
title:who hears the waters call|author:germain,"Who Hears the Waters’ Call (Zeal of the North, #1)",Ellen,1,unresolved
/works/OL2683670W,Why Are All The Black Kids Sitting Together in the Cafeteria?,Jieyu,1,isbn
/works/OL20732649W,Why Fish Don't Exist,Serena,1,title_author
/works/OL1088563W,Why I Am Not a Christian and Other Essays on Religion and Related Subjects,Konnor,1,isbn
/works/OL16568759W,"Why Nations Fail: The Origins of Power, Prosperity, and Poverty",Sonia,1,isbn
/works/OL19696402W,Why We Are Not Nietzscheans,Damla,1,isbn
title:why we sleep unlocking the power of sleep and dreams|author:walker,Why We Sleep: Unlocking the Power of Sleep and Dreams,Becky,1,unresolved
/works/OL20648056W,Why We're Polarized,Konnor,1,isbn
/works/OL37564432W,"The Wide Wide Sea: Imperial Ambition, First Contact and the Fateful Final Voyage of Captain James Cook",Jieyu,1,isbn
/works/OL2729512W,Wild at Heart,Damla,1,isbn
/works/OL1618155W,The Wild Muir: Twenty-Two of John Muir's Greatest Adventures,Konnor,1,isbn
title:wild reverence|author:ross,Wild Reverence,Ellen,1,unresolved
title:wild swans three daughters of china|author:chang,Wild Swans: Three Daughters of China,Jieyu,1,unresolved
/works/OL17739668W,Wilderness Essays,Konnor,1,isbn
/works/OL31088394W,"The Will of the Many (Hierarchy, #1)",Ellen,1,isbn
/works/OL15692701W,The Will to Power,Jieyu,1,isbn
/works/OL3509787W,William James: In the Maelstrom of American Modernism,Jieyu,1,isbn
/works/OL34761559W,The Wind Knows My Name,Jieyu,1,isbn
/works/OL2625412W,The Wind-Up Bird Chronicle,Ellen,1,isbn
/works/OL8036447W,The Wisdom of Crowds,Becky,1,isbn
/works/OL31128643W,The Wishing Game,Ellen,1,isbn
/works/OL24545788W,"The Wisteria Society of Lady Scoundrels (Dangerous Damsels, #1)",Ellen,1,isbn
/works/OL34158300W,Witch of Wild Things (Wild Magic #1),Ellen,1,isbn
/works/OL37612357W,The Wives: A Memoir,Jieyu,1,isbn
/works/OL2010436W,"Wizard's First Rule (Sword of Truth, #1)",Ellen,1,isbn
/works/OL20009542W,"Wolf by Wolf (Wolf by Wolf, #1)",Ellen,1,isbn
/works/OL17335709W,Women At Point Zero,Jieyu,1,title_author
/works/OL2960639W,Women Who Run with the Wolves,Serena,1,title_author
/works/OL3036807W,"Women, Art, and Society",Damla,1,isbn
/works/OL1953002W,"Women, Fire, and Dangerous Things: What Categories Reveal About the Mind",Jieyu,1,isbn
/works/OL2709375W,"Women, Race & Class",Damla,1,isbn
title:wonderland an anthology|author:regan,Wonderland: An Anthology,Ellen,1,unresolved
/works/OL527265W,"Work, Consumerism and the New Poor",Jieyu,1,isbn
/works/OL5753154W,"Y: The Last Man, Vol. 1: Unmanned",Damla,1,isbn
/works/OL12387115W,Yaprak Dökümü,Damla,1,isbn
/works/OL13159797M,Yaşamın Ucuna Yolculuk,Damla,1,isbn
/works/OL26278804W,"Yaşanmayan Zaman (Özgürlüğün Yolları, # 2)",Damla,1,isbn
/works/OL17692777W,The Year of the Death of Ricardo Reis,Serena,1,title_author
/works/OL81659W,The Years of Rice and Salt,Ellen,1,isbn
/works/OL1618177W,The Yosemite,Konnor,1,isbn
/works/OL20642112W,You're Not Listening: What You're Missing and Why It Matters,Ellen,1,isbn
/works/OL4275330W,Your Money or Your Life,Jieyu,1,isbn
/works/OL26270194W,Yılanların Öcü,Damla,1,isbn
/works/OL26281221W,"Zeliş (Tütün Zamanı, #1)",Damla,1,isbn
title:zeno s conscience la coscienza di zeno|author:svevo,Zeno's Conscience (La coscienza di Zeno),Serena,1,unresolved
/works/OL42440468W,The Zorg: A Tale of Greed and Murder That Inspired the Abolition of Slavery,Jieyu,1,isbn
/works/OL7648517W,Çalıkuşu,Damla,1,isbn
/works/OL24666926W,Çile,Damla,1,isbn
/works/OL24384149W,Ölmeye Yatmak,Damla,1,isbn
title:oncesizligin ve sonras zl g n is g nda an resimleri felsefi minyaturler|author:simmel,Öncesizliğin ve Sonrasızlığın Işığında An Resimleri: Felsefi Minyatürler,Damla,1,unresolved
/works/OL17116000W,Üstü Kalsın,Damla,1,isbn
/works/OL26346110W,Üvercinka,Damla,1,title_author
/works/OL23240299W,Şarkını Söylediğin Zaman,Damla,1,isbn
/works/OL24330207W,Şıpsevdi,Damla,1,title_author
/works/OL81632W,’Salem’s Lot,Jieyu,1,isbn
title:|author:yi,我的前半生,Jieyu,1,unresolved
/works/OL19731688W,約束のネバーランド 1 [Yakusoku no Neverland 1],Meryl,1,isbn
