title,author,isbn,isbn13,note
All About Love: New Visions,"hooks, bell",0688168442,9780688168445,
I'm Glad My Mom Died,"McCurdy, Jennette",1982185821,9781982185824,
The Dispossessed: An Ambiguous Utopia,"Le Guin, Ursula K.",,,
The Strange Case of Dr. Jekyll and Mr. Hyde and Other Tales of Terror,"Stevenson, Robert Louis",0141439734,9780141439730,
I've Been Walking,"Sternburg, Janet",3954763842,9783954763849,
Hold Still: A Memoir with Photographs,"Mann, Sally",0316247766,9780316247764,
I Give My Eyes...,"Peterson, Brian H.",099903751X,9780999037515,
Interaction of Color,"Albers, Josef",0300115954,9780300115956,
History of Beauty,"Eco, Umberto",0847826465,9780847826469,
Camera Lucida: Reflections on Photography,"Barthes, Roland",0374521344,9780374521349,
The Art of Scientific Storytelling: Transform Your Research Manuscript using a Step-by-Step Formula,"Luna, Rafael E.",0615821995,9780615821993,
"Houston, We Have a Narrative: Why Science Needs Story","Olson, Randy",022627070X,9780226270708,
"If I Understood You, Would I Have This Look on My Face?: My Adventures in the Art and Science of Relating and Communicating","Alda, Alan",0812989163,9780812989168,
The God of the Woods,"Moore, Liz",,,
"We Solve Murders (We Solve Murders, #1)","Osman, Richard",,,
Against Interpretation and Other Essays,"Sontag, Susan",0312280866,9780312280864,
Regarding the Pain of Others,"Sontag, Susan",0141012374,9780141012377,
"Mickey7 (Mickey7, #1)","Ashton, Edward",1250275032,9781250275035,
Jane Eyre,"Brontë, Charlotte",0142437204,9780142437209,
The Wedding People,"Espach, Alison",,,
"A Discovery of Witches (All Souls, #1)","Harkness, Deborah",0670022411,9780670022410,
Erotic Stories for Punjabi Widows,"Jaswal, Balli Kaur",0062645129,9780062645128,
1984,"Orwell, George",0452284236,9780452284234,
"Ready Player One (Ready Player One, #1)","Cline, Ernest",030788743X,9780307887436,
The Martian,"Weir, Andy",0804139024,9780804139021,
Demon Copperhead,"Kingsolver, Barbara",,,
"Power, Sex, Suicide: Mitochondria and the Meaning of Life","Lane, Nick",0199205647,9780199205646,
"The Vital Question: Energy, Evolution, and the Origins of Complex Life","Lane, Nick",0393352978,9780393352979,
Life Ascending: The Ten Great Inventions of Evolution,"Lane, Nick",0393065960,9780393065961,
Eugene Onegin,"Pushkin, Alexander",,,
Never Let Me Go,"Ishiguro, Kazuo",1400078776,9781400078776,
The Iron Man,"Hughes, Ted",0571226124,9780571226122,
The Road,"McCarthy, Cormac",0307265439,9780307265432,
"The Black Dahlia (L.A. Quartet, #1)","Ellroy, James",0446698873,9780446698870,
On the Road,"Kerouac, Jack",0140042598,9780140042597,
Big Sur,"Kerouac, Jack",0140168125,9780140168129,
Wild at Heart,"Gifford, Barry",080213453X,9780802134530,
Her Yerden Çok Uzakta,"Le Guin, Ursula K.",,,
Giovanni’s Room,"Baldwin, James",,,
Pavil'in Sureti,"Perrodeau, Jérémy",6259940432,9786259940434,
From Ritual to Theatre: The Human Seriousness of Play,"Turner, Victor",0933826176,9780933826175,
The Left Hand of Darkness,"Le Guin, Ursula K.",,,
The Uncanny,"Freud, Sigmund",0142437476,9780142437476,
Probability Theory: The Logic of Science,"Jaynes, E.T.",0521592712,9780521592710,
Rape: The Price of Coercive Sexuality,"Clark, Lorenne",0889610320,9780889610323,
The Extended Phenotype: The Long Reach of the Gene,"Dawkins, Richard",0192880519,9780192880512,
The Selfish Gene,"Dawkins, Richard",0199291152,9780199291151,
The Republic,Plato,0140449140,9780140449143,
We Should All Be Feminists,"Adichie, Chimamanda Ngozi",,,
A Room of One’s Own,"Woolf, Virginia",,,
"Freedom is a Constant Struggle: Ferguson, Palestine and the Foundations of a Movement","Davis, Angela Y.",1608465640,9781608465644,
"Women, Race & Class","Davis, Angela Y.",0394713516,9780394713519,
Communists in Closets: Queering the History 1930s–1990s,"Aptheker, Bettina",1000650685,9781000650686,
"Intimate Politics: How I Grew Up Red, Fought for Free Speech, and Became a Feminist Rebel","Aptheker, Bettina",158005160X,9781580051606,
Vagina: A New Biography,"Wolf, Naomi",0061989169,9780061989162,
The Beauty Myth: How Images of Beauty Are Used Against Women,"Wolf, Naomi",0060512180,9780060512187,
Lojman,"Ojen, Ebru",,,
Movements of Thought in the Nineteenth Century,"Mead, George Herbert",0226516628,9780226536385,
Invisible Man,"Ellison, Ralph",,,
Öncesizliğin ve Sonrasızlığın Işığında An Resimleri: Felsefi Minyatürler,"Simmel, Georg",,,
Felsefe Sahnesi. Seçme Yazılar 5,"Foucault, Michel",975539527X,9789755395272,
Modern Kültürde Çatışma,"Simmel, Georg",9750501926,9789750501920,
Sıradan Zaferler (Le combat ordinaire #1-4),"Larcenet, Manu",6059670245,9786059670241,
Art and Society,"Read, Herbert",0805230084,9780805230086,
Bu Ülke,"Meriç, Cemil",9754702810,9789754702811,
The Complete Poems 1927-1979,"Bishop, Elizabeth",0374518173,9780374518172,
Yaşamın Ucuna Yolculuk,"Özlü, Tezer",,9789753631549,
Arcana: Musicians on Music,"Zorn, John",188712327X,9781887123273,
The jazz book,"Berendt, Joachim-Ernst",0586082603,9780586082607,
Guermantes Tarafı,"Proust, Marcel",,,
Siddhartha,"Hesse, Hermann",,,
Küçük Ağa,"Buğra, Tarık",9750501985,9789750501982,
Küçük Şeyler,"Sezai, Samipaşazade",,,
Sergüzeşt,"Sezai, Samipaşazade",9753381913,9789753381918,
Çalıkuşu,"Güntekin, Reşat Nuri",9751000122,9789751000125,
Yaprak Dökümü,"Güntekin, Reşat Nuri",9751001358,9789751001351,
Gurbet Hikâyeleri / Yeraltında Dünya Var,"Karay, Refik Halid",,,
Memleket Hikâyeleri,"Karay, Refik Halid",9751029392,9789751029393,
Şıpsevdi,"Gürpınar, Hüseyin Rahmi",,,
Gulyabani,"Gürpınar, Hüseyin Rahmi",6053754579,9786053754572,
Yılanların Öcü,"Baykurt, Fakir",9750403959,9789750403958,
Ben Sana Mecburum,"İlhan, Attilâ",9754943184,9789754943184,
Mor,"Aral, İnci",9753314124,9789753314121,
Şarkını Söylediğin Zaman,"Aral, İnci",,9789944756716,
İsyan Günlerinde Aşk,"Altan, Ahmet",9750700902,9789750700903,
Handan,"Adıvar, Halide Edib",9750723538,9789750723537,
Vurun Kahpeye,"Adıvar, Halide Edib",9750707745,9789750721670,
Ateşten Gömlek,"Adıvar, Halide Edib",,9789750723322,
Ölmeye Yatmak,"Ağaoğlu, Adalet",9754588627,9789754588620,
Fikrimin İnce Gülü,"Ağaoğlu, Adalet",9754588651,9789754588651,
Murtaza,"Kemal, Orhan",9752893791,9789752893795,
The Japanese Art of War: Understanding the Culture of Strategy,"Cleary, Thomas",1590302451,9781590302453,
"Zeliş (Tütün Zamanı, #1)","Cumalı, Necati",9757720615,9789757720614,
Art And Revolution,"Wagner, Richard",1419107704,9781419107702,
Tannhauser: A Dramatic Poem (1906),"Wagner, Richard",0548843279,9780548843277,
The Art-Work of the Future and Other Works,"Wagner, Richard",0803297521,9780803297524,
Richard Wagner Bayreuth'da,"Nietzsche, Friedrich",9754684340,9789754684346,
Tembellik Hakkı,"Lafargue, Paul",6053140600,9786053140603,
Kamusal İnsanın Çöküşü,"Sennett, Richard",,,
Sanatta Ruhsallık Üzerine,"Kandinsky, Wassily",,,
The Art of Noise,"Russolo, Luigi",,,
Hikâyeler,"Tanpınar, Ahmet Hamdi",9759952386,9789759952389,
Theory of the Avant-Garde,"Bürger, Peter",0816610681,9780816610686,
Beat Kuşağı Antolojisi,"Erdoğan, Şenol",9755705171,9789755705170,
Üstü Kalsın,"Süreya, Cemal",9750814444,9789750814440,
Üvercinka,"Süreya, Cemal",,,
Mahur Beste,"Tanpınar, Ahmet Hamdi",975995575X,9789759955755,
Beş Şehir,"Tanpınar, Ahmet Hamdi",9759952440,9789759952440,
Göl İnsanları,"Tahir, Kemal",9752733034,9789752733039,
Kurt Kanunu,"Tahir, Kemal",6053759791,9786053759799,
Bütün Öyküleri,"Atılgan, Yusuf",975363790X,9789753637909,
Canistan,"Atılgan, Yusuf",9753639317,9789753639317,
Lüzumsuz Adam,"Abasıyanık, Sait Faik",,9789750805127,
Çile,"Kısakürek, Necip Fazıl",9758180126,9789758180127,
Alemdağ'da Var Bir Yılan,"Abasıyanık, Sait Faik",9750805046,9789750805042,
Puslu Kıtalar Atlası,"Anar, İhsan Oktay",9754704724,9789754704723,
Huzur,"Tanpınar, Ahmet Hamdi",,9789759952471,
Gülün Adı,"Eco, Umberto",,,
The Time Regulation Institute,"Tanpınar, Ahmet Hamdi",1892381036,9781892381033,
Modernleşen Türkiye'nin Tarihi,"Zürcher, Erik-Jan",9750525361,9789750525360,
"Yaşanmayan Zaman (Özgürlüğün Yolları, # 2)","Sartre, Jean-Paul",9755106979,9789755106977,
100 Selected Poems,"Cummings, E.E.",0802130720,9780802130723,
Autobiography of Red: A Novel in Verse,"Carson, Anne",037570129X,9780375701290,
Les Diaboliques,"Barbey d'Aurevilly, Jules",2253036544,9782253036548,
Film Form: Essays In Film Theory,"Eisenstein, Sergei",0156309203,9780156309202,
The Myth of the Framework: In Defence of Science and Rationality,"Popper, Karl",0415135559,9780415135559,
Posta Kutusundaki Mızıka,"Ural, A. Ali",9756841354,9799756841357,
"Cahiers du Cinéma, the 1950s: Neo-Realism, Hollywood, New Wave","Hillier, Jim",0674090616,9780674090613,
Genesis of a Music,"Partch, Harry",030680106X,9780306801068,
Narziss ve Goldmund,"Hesse, Hermann",9750803485,9789750803482,
Semaver,"Abasıyanık, Sait Faik",9750805100,9789750805103,
Being and Time,"Heidegger, Martin",0060638508,9780060638504,
The Colossus and Other Poems,"Plath, Sylvia",0375704469,9780375704468,
Metamorphoses,Ovid,014044789X,9780140447897,
The Complete Poems of Emily Dickinson,"Dickinson, Emily",,,
The Odyssey,Homer,0143039954,9780143039952,
La Vie de Marianne,"Marivaux, Pierre de",2070402215,9782070402212,
Pantagruel,"Rabelais, François",2070363872,9782070363872,
Aphrodite: Moeurs antiques,"Louÿs, Pierre",2070385329,9782070385324,
Dialogues Concerning Natural Religion,"Hume, David",0872204022,9780872204027,
Movements in Art since 1945: Issues and Concepts,"Lucie-Smith, Edward",0500202826,9780500202821,
Principles of Human Knowledge / Three Dialogues Between Hylas and Philonous,"Berkeley, George",0140432930,9780140432930,
"Y: The Last Man, Vol. 1: Unmanned","Vaughan, Brian K.",1563899809,9781563899805,
Tol,"Uyurkulak, Murat",9753423721,9789753423724,
"Collected Poems, 1909-1962","Eliot, T.S.",0151189781,9780151189786,
Gidiyorum Bu: Reloaded,"Ünlü, Ah Muhsin",,9789755702513,
Envy,"Olesha, Yury",1590170865,9781590170861,
The Village of Stepanchikovo,"Dostoevsky, Fyodor",0140446583,9780140446586,
Noise/Music: A History,"Hegarty, Paul",0826417272,9780826417275,
Forever Flowing,"Grossman, Vasily",0810115034,9780810115033,
Experimental Music: Cage and Beyond,"Nyman, Michael",0521653835,9780521653831,
Poetics of Music in the Form of Six Lessons,"Stravinsky, Igor",0674678567,9780674678569,
Improvisation: Its Nature And Practice In Music,"Bailey, Derek",0306805286,9780306805288,
Introduction To Poetics (Volume 1) (Volume 1) (Theory and History of Literature),"Todorov, Tzvetan",0816610118,9780816610112,
Style and Idea: Selected Writings of Arnold Schoenberg,"Schoenberg, Arnold",0520052943,9780520052949,
Give My Regards to Eighth Street: Collected Writings,"Feldman, Morton",1878972316,9781878972316,
Felâtun Bey ve Râkım Efendi,"Efendi, Ahmed Midhat",,9789756446065,
Sinekli Bakkal,"Adıvar, Halide Edib",,9789750721663,
"The Companions of Jehu (Sainte-Hermine, #2)","Dumas, Alexandre",,,
Circe and the Cyclops,Homer,0141398612,9780141398617,
La Maison du Chat-qui-Pelote,"Balzac, Honoré de",2253146226,9782253146223,
Manfred,"Byron, Lord",1103516817,9781103516810,
The Power of Art,"Schama, Simon",0061176109,9780061176104,
"Women, Art, and Society","Chadwick, Whitney",0500203938,9780500203934,
Painting and Experience in Fifteenth-Century Italy: A Primer in the Social History of Pictorial Style,"Baxandall, Michael",019282144X,9780192821447,
The Story of Modern Art,"Lynton, Norbert",0714824224,9780714824222,
A World History of Art,"Honour, Hugh",1856694518,9781856694513,
Two Treatises of Government and A Letter Concerning Toleration,"Locke, John",0300100183,9780300100181,
Gorgias,Plato,0140449043,9780140449044,
The Essays: A Selection,"Montaigne, Michel de",0140446028,9780140446029,
The New Atlantis,"Bacon, Francis",1406504149,9781406504149,
Of Man,"Hobbes, Thomas",0141023902,9780141023908,
An Outline of Philosophy,"Russell, Bertrand",0415141176,9780415141178,
"Life, Sex and Ideas: The Good Life Without God","Grayling, A.C.",019517755X,9780195177558,
Nausea,"Sartre, Jean-Paul",0811201880,9780811201889,
Discourse on the Origin of Inequality,"Rousseau, Jean-Jacques",0486434141,9780486434148,
Prometheus Unbound,"Shelley, Percy Bysshe",1419143239,9781419143236,
The Spirit of the Laws,Montesquieu,0521369746,9780521369749,
Hyperion oder Der Eremit in Griechenland,"Hölderlin, Friedrich",3938484195,9783938484197,
The Present Age,"Kierkegaard, Søren",0061300942,9780061300943,
Blake,"Ackroyd, Peter",0345376110,9780345376114,
"Oedipus Rex (The Theban Plays, #1)",Sophocles,1580495931,9781580495936,
Salomé,"Wilde, Oscar",0486421279,9780486421278,
The Raven and Other Poems,"Poe, Edgar Allan",0439224063,9780439224062,
George Herbert: The Complete English Poems,"Herbert, George",0140424555,9780140424553,
7 Greeks,"Davenport, Guy",0811212882,9780811212885,
The Selected Poetry,"Jeffers, Robinson",0804741085,9780804741088,
Fearful Symmetry: A Study of William Blake,"Frye, Northrop",0802089836,9780802089830,
Köpeğiyle Dolaşan Kadın: Otuz Yedi Seçme Öykü,"Chekhov, Anton",9754588767,9789754588767,
Gog,"Papini, Giovanni",9754581525,9789754581522,
Cehenneme Övgü: Gündelik Hayatta Totalitarizm,"Vassaf, Gündüz",,9789754707069,
Aylaklığa Övgü,"Russell, Bertrand",9754061998,9789754061994,
Haksız Yönetime Karşı & Tembellik Hakkı,"Thoreau, Henry David",,,
"The Professor and the Madman: A Tale of Murder, Insanity and the Making of the Oxford English Dictionary","Winchester, Simon",0060839783,9780060839789,
E.E. Cummings: Complete Poems 1904-1962,"Cummings, E.E.",0871401525,9780871401526,
Contes du jour et de la nuit,"Maupassant, Guy de",2070375587,9782070375585,
A Concise History of Modern Painting,"Read, Herbert",0500201412,9780500201411,
Experience and Education,"Dewey, John",0684838281,9780684838281,
Destruction d'un cœur,"Zweig, Stefan",2253095257,9782253095255,
The Effects of Noise on Man,"Kryter, Karl D.",0124274609,9780124274600,
L'homme-Dieu ou le sens de la vie,"Ferry, Luc",2253142611,9782253142614,
What Is the Good Life?,"Ferry, Luc",0226244539,9780226244532,
Why We Are Not Nietzscheans,"Ferry, Luc",0226244814,9780226244815,
Heidegger and Modernity,"Ferry, Luc",0226244628,9780226244624,
Prolegomena to Any Future Metaphysics,"Kant, Immanuel",0872205932,9780872205932,
Anna Karenina,"Tolstoy, Leo",0345803922,9780345803924,
The Grapes of Wrath,"Steinbeck, John",,,
Fahrenheit 451,"Bradbury, Ray",0007491565,9780007491568,
To Kill a Mockingbird,"Lee, Harper",0060935464,9780060935467,
